trial,testing,parameters,initial_deadline,final_deadline,net_reward,actions,success
1,False,"{'a': 0.5993999999999999, 'e': 0.997}",20,0,-35.75685088958056,"{0: 13, 1: 5, 2: 1, 3: 1, 4: 0}",0
2,False,"{'a': 0.5988005999999999, 'e': 0.994009}",30,0,-159.57127872649096,"{0: 17, 1: 4, 2: 6, 3: 1, 4: 2}",0
3,False,"{'a': 0.5982017994, 'e': 0.991026973}",35,0,-195.18213022047712,"{0: 21, 1: 3, 2: 8, 3: 0, 4: 3}",0
4,False,"{'a': 0.5976035976006, 'e': 0.988053892081}",30,0,-86.19325896230103,"{0: 21, 1: 3, 2: 4, 3: 1, 4: 1}",0
5,False,"{'a': 0.5970059940029994, 'e': 0.985089730404757}",30,0,-72.52696283632696,"{0: 19, 1: 4, 2: 7, 3: 0, 4: 0}",0
6,False,"{'a': 0.5964089880089963, 'e': 0.9821344612135428}",25,0,-84.4025833300879,"{0: 19, 1: 1, 2: 2, 3: 2, 4: 1}",0
7,False,"{'a': 0.5958125790209874, 'e': 0.9791880578299021}",35,19,-27.475526870915044,"{0: 11, 1: 3, 2: 1, 3: 1, 4: 0}",1
8,False,"{'a': 0.5952167664419664, 'e': 0.9762504936564125}",35,0,-157.4286613378888,"{0: 16, 1: 11, 2: 6, 3: 1, 4: 1}",0
9,False,"{'a': 0.5946215496755245, 'e': 0.9733217421754432}",25,10,-58.08716512866549,"{0: 11, 1: 1, 2: 1, 3: 1, 4: 1}",1
10,False,"{'a': 0.594026928125849, 'e': 0.9704017769489168}",20,0,-106.31588027755795,"{0: 10, 1: 5, 2: 3, 3: 1, 4: 1}",0
11,False,"{'a': 0.5934329011977232, 'e': 0.9674905716180701}",25,0,-110.34911237350543,"{0: 15, 1: 4, 2: 3, 3: 2, 4: 1}",0
12,False,"{'a': 0.5928394682965255, 'e': 0.9645880999032158}",20,0,-49.61591339608483,"{0: 13, 1: 2, 2: 5, 3: 0, 4: 0}",0
13,False,"{'a': 0.5922466288282289, 'e': 0.9616943356035061}",35,0,-76.28641035896531,"{0: 26, 1: 3, 2: 5, 3: 0, 4: 1}",0
14,False,"{'a': 0.5916543821994007, 'e': 0.9588092525966956}",20,0,-102.94056530548933,"{0: 13, 1: 2, 2: 3, 3: 0, 4: 2}",0
15,False,"{'a': 0.5910627278172013, 'e': 0.9559328248389055}",25,0,-165.3905341597832,"{0: 13, 1: 2, 2: 7, 3: 1, 4: 2}",0
16,False,"{'a': 0.5904716650893841, 'e': 0.9530650263643888}",20,0,-109.77119075761439,"{0: 10, 1: 1, 2: 8, 3: 0, 4: 1}",0
17,False,"{'a': 0.5898811934242947, 'e': 0.9502058312852957}",20,0,-138.59285085648034,"{0: 11, 1: 2, 2: 4, 3: 1, 4: 2}",0
18,False,"{'a': 0.5892913122308704, 'e': 0.9473552137914398}",25,4,-97.53329467653045,"{0: 13, 1: 1, 2: 5, 3: 1, 4: 1}",1
19,False,"{'a': 0.5887020209186395, 'e': 0.9445131481500655}",20,11,-44.37961462803834,"{0: 6, 1: 2, 2: 0, 3: 0, 4: 1}",1
20,False,"{'a': 0.5881133188977209, 'e': 0.9416796087056153}",20,0,-131.6213435649967,"{0: 10, 1: 2, 2: 5, 3: 2, 4: 1}",0
21,False,"{'a': 0.5875252055788232, 'e': 0.9388545698794984}",30,0,-85.33336669459635,"{0: 19, 1: 2, 2: 8, 3: 1, 4: 0}",0
22,False,"{'a': 0.5869376803732443, 'e': 0.93603800616986}",25,0,-187.67422256654453,"{0: 13, 1: 0, 2: 8, 3: 2, 4: 2}",0
23,False,"{'a': 0.5863507426928711, 'e': 0.9332298921513504}",20,0,-128.37850943108066,"{0: 9, 1: 1, 2: 8, 3: 1, 4: 1}",0
24,False,"{'a': 0.5857643919501783, 'e': 0.9304302024748964}",25,0,-198.67288452824948,"{0: 13, 1: 2, 2: 6, 3: 1, 4: 3}",0
25,False,"{'a': 0.5851786275582281, 'e': 0.9276389118674717}",20,0,-97.39403548744475,"{0: 13, 1: 4, 2: 1, 3: 0, 4: 2}",0
26,False,"{'a': 0.5845934489306699, 'e': 0.9248559951318693}",25,0,-202.04360792683022,"{0: 18, 1: 1, 2: 0, 3: 1, 4: 5}",0
27,False,"{'a': 0.5840088554817392, 'e': 0.9220814271464737}",25,0,-76.39395065887888,"{0: 17, 1: 3, 2: 4, 3: 0, 4: 1}",0
28,False,"{'a': 0.5834248466262575, 'e': 0.9193151828650342}",25,1,-62.809129243982206,"{0: 16, 1: 1, 2: 6, 3: 1, 4: 0}",1
29,False,"{'a': 0.5828414217796313, 'e': 0.9165572373164391}",35,0,-208.26824854113792,"{0: 19, 1: 8, 2: 3, 3: 2, 4: 3}",0
30,False,"{'a': 0.5822585803578516, 'e': 0.9138075656044898}",25,0,-122.95522835558518,"{0: 13, 1: 4, 2: 6, 3: 1, 4: 1}",0
31,False,"{'a': 0.5816763217774937, 'e': 0.9110661429076764}",30,0,-153.63001679625214,"{0: 16, 1: 4, 2: 7, 3: 2, 4: 1}",0
32,False,"{'a': 0.5810946454557162, 'e': 0.9083329444789534}",20,0,-173.4517133733072,"{0: 8, 1: 3, 2: 5, 3: 2, 4: 2}",0
33,False,"{'a': 0.5805135508102605, 'e': 0.9056079456455165}",20,0,-101.53956960294255,"{0: 12, 1: 1, 2: 5, 3: 1, 4: 1}",0
34,False,"{'a': 0.5799330372594502, 'e': 0.90289112180858}",25,0,-125.48219158066367,"{0: 15, 1: 3, 2: 5, 3: 0, 4: 2}",0
35,False,"{'a': 0.5793531042221908, 'e': 0.9001824484431542}",30,0,-169.2842986237624,"{0: 18, 1: 3, 2: 5, 3: 2, 4: 2}",0
36,False,"{'a': 0.5787737511179686, 'e': 0.8974819010978248}",25,0,-110.9392045984171,"{0: 17, 1: 1, 2: 5, 3: 0, 4: 2}",0
37,False,"{'a': 0.5781949773668507, 'e': 0.8947894553945313}",20,0,-117.72135277914172,"{0: 7, 1: 6, 2: 6, 3: 0, 4: 1}",0
38,False,"{'a': 0.5776167823894838, 'e': 0.8921050870283477}",25,0,-55.915362805075276,"{0: 18, 1: 0, 2: 7, 3: 0, 4: 0}",0
39,False,"{'a': 0.5770391656070943, 'e': 0.8894287717672626}",25,0,-167.66859593195446,"{0: 13, 1: 3, 2: 5, 3: 2, 4: 2}",0
40,False,"{'a': 0.5764621264414872, 'e': 0.8867604854519608}",25,0,-128.35919488854935,"{0: 17, 1: 1, 2: 4, 3: 1, 4: 2}",0
41,False,"{'a': 0.5758856643150457, 'e': 0.884100203995605}",20,0,-43.7045350124904,"{0: 17, 1: 1, 2: 0, 3: 1, 4: 1}",0
42,False,"{'a': 0.5753097786507306, 'e': 0.8814479033836181}",20,0,-70.81815157956333,"{0: 12, 1: 5, 2: 2, 3: 0, 4: 1}",0
43,False,"{'a': 0.5747344688720799, 'e': 0.8788035596734672}",25,0,-177.10557600924633,"{0: 14, 1: 1, 2: 5, 3: 3, 4: 2}",0
44,False,"{'a': 0.5741597344032078, 'e': 0.8761671489944468}",25,12,-23.62612529067974,"{0: 9, 1: 2, 2: 2, 3: 0, 4: 0}",1
45,False,"{'a': 0.5735855746688046, 'e': 0.8735386475474635}",20,0,-132.28972464282705,"{0: 14, 1: 0, 2: 3, 3: 0, 4: 3}",1
46,False,"{'a': 0.5730119890941358, 'e': 0.8709180316048211}",20,3,-53.665369221412476,"{0: 12, 1: 2, 2: 2, 3: 0, 4: 1}",1
47,False,"{'a': 0.5724389771050417, 'e': 0.8683052775100066}",20,0,-104.1290288128717,"{0: 13, 1: 0, 2: 4, 3: 2, 4: 1}",0
48,False,"{'a': 0.5718665381279366, 'e': 0.8657003616774767}",35,15,-69.97022693617895,"{0: 14, 1: 0, 2: 5, 3: 0, 4: 1}",1
49,False,"{'a': 0.5712946715898087, 'e': 0.8631032605924442}",25,0,-34.005614422816905,"{0: 21, 1: 2, 2: 1, 3: 0, 4: 1}",0
50,False,"{'a': 0.570723376918219, 'e': 0.860513950810667}",25,0,-94.32495334335873,"{0: 19, 1: 0, 2: 3, 3: 2, 4: 1}",0
51,False,"{'a': 0.5701526535413007, 'e': 0.857932408958235}",20,0,-96.33693395618454,"{0: 12, 1: 1, 2: 5, 3: 1, 4: 1}",0
52,False,"{'a': 0.5695825008877594, 'e': 0.8553586117313603}",20,4,-60.349167455317264,"{0: 10, 1: 3, 2: 2, 3: 0, 4: 1}",1
53,False,"{'a': 0.5690129183868716, 'e': 0.8527925358961662}",20,0,-33.72767999875133,"{0: 15, 1: 2, 2: 2, 3: 1, 4: 0}",0
54,False,"{'a': 0.5684439054684848, 'e': 0.8502341582884777}",30,0,-110.48024153448863,"{0: 21, 1: 2, 2: 4, 3: 2, 4: 1}",0
55,False,"{'a': 0.5678754615630163, 'e': 0.8476834558136123}",20,9,-4.222469390234926,"{0: 9, 1: 1, 2: 1, 3: 0, 4: 0}",1
56,False,"{'a': 0.5673075861014533, 'e': 0.8451404054461714}",20,0,-198.38689266695144,"{0: 10, 1: 3, 2: 2, 3: 1, 4: 4}",0
57,False,"{'a': 0.5667402785153518, 'e': 0.8426049842298329}",20,8,-127.63747402730436,"{0: 4, 1: 1, 2: 5, 3: 0, 4: 2}",1
58,False,"{'a': 0.5661735382368365, 'e': 0.8400771692771434}",25,11,-14.632509102536867,"{0: 11, 1: 0, 2: 3, 3: 0, 4: 0}",1
59,False,"{'a': 0.5656073646985996, 'e': 0.837556937769312}",20,0,-58.1705398662456,"{0: 12, 1: 1, 2: 7, 3: 0, 4: 0}",0
60,False,"{'a': 0.565041757333901, 'e': 0.835044266956004}",35,0,-130.6013406822797,"{0: 21, 1: 4, 2: 8, 3: 1, 4: 1}",0
61,False,"{'a': 0.5644767155765672, 'e': 0.8325391341551359}",30,0,-159.50018181534915,"{0: 18, 1: 4, 2: 4, 3: 2, 4: 2}",0
62,False,"{'a': 0.5639122388609906, 'e': 0.8300415167526705}",25,0,-101.0367458994925,"{0: 16, 1: 5, 2: 1, 3: 2, 4: 1}",0
63,False,"{'a': 0.5633483266221296, 'e': 0.8275513922024125}",30,0,-112.73174541959929,"{0: 19, 1: 2, 2: 8, 3: 0, 4: 1}",0
64,False,"{'a': 0.5627849782955076, 'e': 0.8250687380258053}",25,9,-40.9729542977366,"{0: 10, 1: 3, 2: 2, 3: 1, 4: 0}",1
65,False,"{'a': 0.562222193317212, 'e': 0.8225935318117279}",25,0,-75.53723106142299,"{0: 16, 1: 4, 2: 3, 3: 2, 4: 0}",0
66,False,"{'a': 0.5616599711238948, 'e': 0.8201257512162927}",20,0,-111.57087665064388,"{0: 13, 1: 0, 2: 3, 3: 3, 4: 1}",0
67,False,"{'a': 0.5610983111527709, 'e': 0.8176653739626438}",25,0,-122.62367471591699,"{0: 11, 1: 10, 2: 2, 3: 1, 4: 1}",0
68,False,"{'a': 0.5605372128416181, 'e': 0.8152123778407558}",30,0,-99.36223208196274,"{0: 22, 1: 3, 2: 3, 3: 0, 4: 2}",0
69,False,"{'a': 0.5599766756287764, 'e': 0.8127667407072335}",20,0,-133.5699362055466,"{0: 13, 1: 2, 2: 2, 3: 0, 4: 3}",0
70,False,"{'a': 0.5594166989531476, 'e': 0.8103284404851119}",20,0,-95.28258451013282,"{0: 12, 1: 2, 2: 4, 3: 1, 4: 1}",0
71,False,"{'a': 0.5588572822541945, 'e': 0.8078974551636565}",30,0,-90.59100101062003,"{0: 20, 1: 3, 2: 6, 3: 0, 4: 1}",0
72,False,"{'a': 0.5582984249719403, 'e': 0.8054737627981655}",25,0,-153.68230822506408,"{0: 15, 1: 3, 2: 4, 3: 0, 4: 3}",0
73,False,"{'a': 0.5577401265469684, 'e': 0.803057341509771}",25,0,-153.23342125920018,"{0: 14, 1: 2, 2: 6, 3: 1, 4: 2}",0
74,False,"{'a': 0.5571823864204214, 'e': 0.8006481694852418}",20,0,-41.367168518290775,"{0: 14, 1: 1, 2: 5, 3: 0, 4: 0}",0
75,False,"{'a': 0.556625204034001, 'e': 0.798246224976786}",20,0,-77.36031555059398,"{0: 13, 1: 0, 2: 6, 3: 0, 4: 1}",0
76,False,"{'a': 0.556068578829967, 'e': 0.7958514863018556}",30,15,-86.56439077963736,"{0: 8, 1: 2, 2: 3, 3: 1, 4: 1}",1
77,False,"{'a': 0.555512510251137, 'e': 0.79346393184295}",20,0,-86.1254046737935,"{0: 12, 1: 2, 2: 3, 3: 3, 4: 0}",0
78,False,"{'a': 0.5549569977408859, 'e': 0.7910835400474212}",20,5,-48.174814910170575,"{0: 9, 1: 2, 2: 3, 3: 1, 4: 0}",1
79,False,"{'a': 0.554402040743145, 'e': 0.7887102894272789}",20,11,-85.44145703605359,"{0: 5, 1: 1, 2: 1, 3: 0, 4: 2}",1
80,False,"{'a': 0.5538476387024018, 'e': 0.7863441585589971}",20,0,-150.8382344159236,"{0: 8, 1: 4, 2: 6, 3: 0, 4: 2}",0
81,False,"{'a': 0.5532937910636995, 'e': 0.78398512608332}",20,7,-3.2374229572009945,"{0: 11, 1: 0, 2: 2, 3: 0, 4: 0}",1
82,False,"{'a': 0.5527404972726357, 'e': 0.7816331707050701}",20,0,-103.43626885022321,"{0: 10, 1: 3, 2: 6, 3: 0, 4: 1}",0
83,False,"{'a': 0.5521877567753631, 'e': 0.7792882711929549}",30,0,-229.20563330251994,"{0: 18, 1: 3, 2: 2, 3: 3, 4: 4}",0
84,False,"{'a': 0.5516355690185878, 'e': 0.776950406379376}",20,12,-32.85327090613212,"{0: 6, 1: 1, 2: 0, 3: 0, 4: 1}",1
85,False,"{'a': 0.5510839334495692, 'e': 0.7746195551602378}",30,0,-39.45967046812265,"{0: 21, 1: 5, 2: 4, 3: 0, 4: 0}",0
86,False,"{'a': 0.5505328495161196, 'e': 0.7722956964947572}",25,9,-120.35547809936871,"{0: 10, 1: 1, 2: 1, 3: 2, 4: 2}",1
87,False,"{'a': 0.5499823166666035, 'e': 0.7699788094052729}",25,0,-61.39718391950413,"{0: 19, 1: 1, 2: 2, 3: 3, 4: 0}",0
88,False,"{'a': 0.5494323343499369, 'e': 0.767668872977057}",20,1,-97.20430411235361,"{0: 13, 1: 1, 2: 3, 3: 0, 4: 2}",1
89,False,"{'a': 0.548882902015587, 'e': 0.7653658663581259}",20,15,-2.5710665799394317,"{0: 4, 1: 0, 2: 1, 3: 0, 4: 0}",1
90,False,"{'a': 0.5483340191135714, 'e': 0.7630697687590515}",20,0,-112.56841449061017,"{0: 12, 1: 1, 2: 4, 3: 2, 4: 1}",0
91,False,"{'a': 0.5477856850944578, 'e': 0.7607805594527743}",25,0,-219.6724516734951,"{0: 16, 1: 1, 2: 2, 3: 1, 4: 5}",0
92,False,"{'a': 0.5472378994093633, 'e': 0.7584982177744161}",35,17,-101.17355543530464,"{0: 12, 1: 0, 2: 4, 3: 0, 4: 2}",1
93,False,"{'a': 0.5466906615099539, 'e': 0.7562227231210928}",25,0,-80.97262028500761,"{0: 17, 1: 1, 2: 6, 3: 0, 4: 1}",0
94,False,"{'a': 0.546143970848444, 'e': 0.7539540549517295}",20,0,-86.70198410053605,"{0: 12, 1: 2, 2: 5, 3: 0, 4: 1}",0
95,False,"{'a': 0.5455978268775956, 'e': 0.7516921927868743}",20,0,-80.12878449601365,"{0: 14, 1: 1, 2: 3, 3: 1, 4: 1}",0
96,False,"{'a': 0.545052229050718, 'e': 0.7494371162085136}",20,0,-20.058264659216192,"{0: 14, 1: 4, 2: 2, 3: 0, 4: 0}",0
97,False,"{'a': 0.5445071768216673, 'e': 0.747188804859888}",20,0,-97.15031068950867,"{0: 14, 1: 3, 2: 0, 3: 1, 4: 2}",0
98,False,"{'a': 0.5439626696448456, 'e': 0.7449472384453084}",30,0,-71.03859646954443,"{0: 20, 1: 5, 2: 3, 3: 2, 4: 0}",0
99,False,"{'a': 0.5434187069752008, 'e': 0.7427123967299725}",25,0,-22.69693162037804,"{0: 19, 1: 3, 2: 2, 3: 1, 4: 0}",0
100,False,"{'a': 0.5428752882682256, 'e': 0.7404842595397826}",35,0,-123.9050332903761,"{0: 24, 1: 3, 2: 5, 3: 2, 4: 1}",0
101,False,"{'a': 0.5423324129799574, 'e': 0.7382628067611632}",25,0,-114.56318875641364,"{0: 17, 1: 2, 2: 3, 3: 1, 4: 2}",0
102,False,"{'a': 0.5417900805669774, 'e': 0.7360480183408797}",30,14,-70.74075966727078,"{0: 10, 1: 3, 2: 1, 3: 1, 4: 1}",1
103,False,"{'a': 0.5412482904864104, 'e': 0.7338398742858571}",20,0,2.940361151126834,"{0: 17, 1: 2, 2: 1, 3: 0, 4: 0}",0
104,False,"{'a': 0.540707042195924, 'e': 0.7316383546629995}",20,0,-48.57905150621945,"{0: 17, 1: 0, 2: 1, 3: 1, 4: 1}",0
105,False,"{'a': 0.5401663351537281, 'e': 0.7294434395990105}",25,0,-53.410662560626825,"{0: 16, 1: 3, 2: 6, 3: 0, 4: 0}",0
106,False,"{'a': 0.5396261688185744, 'e': 0.7272551092802134}",20,5,-72.97292068368992,"{0: 10, 1: 1, 2: 2, 3: 1, 4: 1}",1
107,False,"{'a': 0.5390865426497559, 'e': 0.7250733439523728}",20,0,-99.47220757424573,"{0: 14, 1: 1, 2: 3, 3: 0, 4: 2}",0
108,False,"{'a': 0.5385474561071061, 'e': 0.7228981239205157}",25,0,-108.38840574004965,"{0: 17, 1: 2, 2: 4, 3: 0, 4: 2}",0
109,False,"{'a': 0.5380089086509989, 'e': 0.7207294295487541}",25,7,-89.55093497978122,"{0: 13, 1: 0, 2: 3, 3: 0, 4: 2}",1
110,False,"{'a': 0.537470899742348, 'e': 0.7185672412601078}",25,0,-97.87111425315497,"{0: 17, 1: 1, 2: 5, 3: 1, 4: 1}",0
111,False,"{'a': 0.5369334288426056, 'e': 0.7164115395363275}",25,0,-60.31114726599235,"{0: 19, 1: 1, 2: 4, 3: 0, 4: 1}",0
112,False,"{'a': 0.536396495413763, 'e': 0.7142623049177186}",20,0,-67.73184281034882,"{0: 13, 1: 3, 2: 3, 3: 0, 4: 1}",0
113,False,"{'a': 0.5358600989183492, 'e': 0.7121195180029655}",25,5,-35.80840336385672,"{0: 14, 1: 3, 2: 2, 3: 1, 4: 0}",1
114,False,"{'a': 0.5353242388194308, 'e': 0.7099831594489566}",20,0,-60.92603151056181,"{0: 12, 1: 4, 2: 3, 3: 1, 4: 0}",1
115,False,"{'a': 0.5347889145806114, 'e': 0.7078532099706097}",25,0,-93.98889085522276,"{0: 15, 1: 5, 2: 4, 3: 0, 4: 1}",0
116,False,"{'a': 0.5342541256660308, 'e': 0.7057296503406979}",25,0,-62.3614835668562,"{0: 18, 1: 4, 2: 2, 3: 0, 4: 1}",0
117,False,"{'a': 0.5337198715403648, 'e': 0.7036124613896758}",25,0,-79.57221725892013,"{0: 16, 1: 2, 2: 5, 3: 2, 4: 0}",0
118,False,"{'a': 0.5331861516688244, 'e': 0.7015016240055068}",25,12,-32.13112474626947,"{0: 10, 1: 0, 2: 1, 3: 2, 4: 0}",1
119,False,"{'a': 0.5326529655171556, 'e': 0.6993971191334902}",30,0,-103.47574671715826,"{0: 20, 1: 3, 2: 5, 3: 1, 4: 1}",0
120,False,"{'a': 0.5321203125516384, 'e': 0.6972989277760897}",20,0,-14.963792088941878,"{0: 16, 1: 1, 2: 3, 3: 0, 4: 0}",0
121,False,"{'a': 0.5315881922390867, 'e': 0.6952070309927615}",25,0,-88.4428974901457,"{0: 18, 1: 3, 2: 2, 3: 0, 4: 2}",0
122,False,"{'a': 0.5310566040468476, 'e': 0.6931214098997832}",20,0,-114.54028986692724,"{0: 14, 1: 0, 2: 3, 3: 1, 4: 2}",0
123,False,"{'a': 0.5305255474428008, 'e': 0.6910420456700839}",25,0,-127.18474533848409,"{0: 17, 1: 2, 2: 2, 3: 2, 4: 2}",0
124,False,"{'a': 0.529995021895358, 'e': 0.6889689195330736}",30,0,-75.69956928581057,"{0: 24, 1: 2, 2: 2, 3: 0, 4: 2}",0
125,False,"{'a': 0.5294650268734626, 'e': 0.6869020127744744}",25,0,-62.22528807253495,"{0: 18, 1: 0, 2: 5, 3: 2, 4: 0}",0
126,False,"{'a': 0.5289355618465892, 'e': 0.684841306736151}",35,0,-138.3422324322775,"{0: 25, 1: 3, 2: 3, 3: 2, 4: 2}",0
127,False,"{'a': 0.5284066262847426, 'e': 0.6827867828159425}",30,18,-12.142074847927024,"{0: 10, 1: 0, 2: 1, 3: 1, 4: 0}",1
128,False,"{'a': 0.5278782196584578, 'e': 0.6807384224674947}",30,0,-38.83257658738103,"{0: 24, 1: 0, 2: 5, 3: 1, 4: 0}",0
129,False,"{'a': 0.5273503414387993, 'e': 0.6786962072000923}",20,9,-27.12086311347488,"{0: 7, 1: 0, 2: 4, 3: 0, 4: 0}",1
130,False,"{'a': 0.5268229910973605, 'e': 0.676660118578492}",25,10,-133.6756740676651,"{0: 7, 1: 1, 2: 4, 3: 1, 4: 2}",1
131,False,"{'a': 0.5262961681062631, 'e': 0.6746301382227565}",20,0,-111.04658789486314,"{0: 13, 1: 2, 2: 2, 3: 1, 4: 2}",0
132,False,"{'a': 0.5257698719381568, 'e': 0.6726062478080883}",20,8,-30.889772960113852,"{0: 10, 1: 0, 2: 1, 3: 0, 4: 1}",1
133,False,"{'a': 0.5252441020662186, 'e': 0.6705884290646641}",25,2,2.3537599642147358,"{0: 19, 1: 3, 2: 1, 3: 0, 4: 0}",1
134,False,"{'a': 0.5247188579641524, 'e': 0.66857666377747}",25,4,-200.88886879224222,"{0: 13, 1: 2, 2: 1, 3: 0, 4: 5}",1
135,False,"{'a': 0.5241941391061883, 'e': 0.6665709337861376}",20,13,7.058151211202554,"{0: 6, 1: 1, 2: 0, 3: 0, 4: 0}",1
136,False,"{'a': 0.5236699449670821, 'e': 0.6645712209847792}",20,3,-42.658342440596606,"{0: 13, 1: 2, 2: 1, 3: 0, 4: 1}",1
137,False,"{'a': 0.523146275022115, 'e': 0.6625775073218249}",20,0,-3.433910063408507,"{0: 17, 1: 1, 2: 2, 3: 0, 4: 0}",0
138,False,"{'a': 0.5226231287470928, 'e': 0.6605897747998594}",25,8,-46.848122106686276,"{0: 10, 1: 2, 2: 5, 3: 0, 4: 0}",1
139,False,"{'a': 0.5221005056183458, 'e': 0.6586080054754598}",25,0,-120.1094215498463,"{0: 14, 1: 2, 2: 7, 3: 1, 4: 1}",0
140,False,"{'a': 0.5215784051127275, 'e': 0.6566321814590335}",30,0,-73.69849338307974,"{0: 21, 1: 5, 2: 1, 3: 3, 4: 0}",0
141,False,"{'a': 0.5210568267076148, 'e': 0.6546622849146564}",20,10,-38.26341497018232,"{0: 5, 1: 0, 2: 5, 3: 0, 4: 0}",1
142,False,"{'a': 0.5205357698809071, 'e': 0.6526982980599124}",20,0,-38.29915593228859,"{0: 14, 1: 2, 2: 4, 3: 0, 4: 0}",0
143,False,"{'a': 0.5200152341110262, 'e': 0.6507402031657327}",25,14,-42.63520938360875,"{0: 8, 1: 1, 2: 1, 3: 0, 4: 1}",1
144,False,"{'a': 0.5194952188769152, 'e': 0.6487879825562355}",30,16,-73.98487393953465,"{0: 9, 1: 0, 2: 3, 3: 1, 4: 1}",1
145,False,"{'a': 0.5189757236580382, 'e': 0.6468416186085668}",25,10,-23.18441527753509,"{0: 11, 1: 2, 2: 1, 3: 1, 4: 0}",1
146,False,"{'a': 0.5184567479343802, 'e': 0.6449010937527411}",25,11,-13.350017711228361,"{0: 12, 1: 0, 2: 1, 3: 1, 4: 0}",1
147,False,"{'a': 0.5179382911864459, 'e': 0.6429663904714829}",25,0,-78.58508574338902,"{0: 20, 1: 1, 2: 2, 3: 0, 4: 2}",0
148,False,"{'a': 0.5174203528952594, 'e': 0.6410374913000684}",30,0,-96.81578172431088,"{0: 20, 1: 3, 2: 5, 3: 1, 4: 1}",0
149,False,"{'a': 0.5169029325423642, 'e': 0.6391143788261682}",20,11,-50.49444341851763,"{0: 6, 1: 0, 2: 2, 3: 0, 4: 1}",1
150,False,"{'a': 0.5163860296098218, 'e': 0.6371970356896897}",20,0,-32.9342653738351,"{0: 15, 1: 2, 2: 2, 3: 1, 4: 0}",0
151,False,"{'a': 0.515869643580212, 'e': 0.6352854445826206}",30,12,-85.39665533033484,"{0: 10, 1: 2, 2: 5, 3: 0, 4: 1}",1
152,False,"{'a': 0.5153537739366318, 'e': 0.6333795882488727}",25,0,-62.0755912958593,"{0: 15, 1: 4, 2: 5, 3: 1, 4: 0}",0
153,False,"{'a': 0.5148384201626952, 'e': 0.6314794494841262}",25,14,-1.250725336556107,"{0: 9, 1: 1, 2: 1, 3: 0, 4: 0}",1
154,False,"{'a': 0.5143235817425326, 'e': 0.6295850111356738}",35,21,-18.37358230047921,"{0: 10, 1: 2, 2: 1, 3: 1, 4: 0}",1
155,False,"{'a': 0.51380925816079, 'e': 0.6276962561022668}",20,10,-38.475015539118225,"{0: 7, 1: 1, 2: 1, 3: 0, 4: 1}",1
156,False,"{'a': 0.5132954489026292, 'e': 0.62581316733396}",35,9,-74.83222592290427,"{0: 22, 1: 1, 2: 0, 3: 1, 4: 2}",1
157,False,"{'a': 0.5127821534537266, 'e': 0.623935727831958}",25,0,-90.35359153233325,"{0: 19, 1: 1, 2: 3, 3: 0, 4: 2}",0
158,False,"{'a': 0.5122693713002728, 'e': 0.6220639206484622}",25,11,-31.739508291081375,"{0: 8, 1: 3, 2: 3, 3: 0, 4: 0}",1
159,False,"{'a': 0.5117571019289726, 'e': 0.6201977288865168}",20,1,-58.79567935659111,"{0: 16, 1: 1, 2: 0, 3: 0, 4: 2}",1
160,False,"{'a': 0.5112453448270436, 'e': 0.6183371356998573}",30,13,-21.864453806067782,"{0: 12, 1: 1, 2: 4, 3: 0, 4: 0}",1
161,False,"{'a': 0.5107340994822166, 'e': 0.6164821242927577}",20,0,-123.66779743789957,"{0: 12, 1: 3, 2: 2, 3: 1, 4: 2}",0
162,False,"{'a': 0.5102233653827344, 'e': 0.6146326779198794}",20,0,-71.4155709630529,"{0: 15, 1: 0, 2: 3, 3: 1, 4: 1}",0
163,False,"{'a': 0.5097131420173516, 'e': 0.6127887798861198}",30,0,-103.32048559038158,"{0: 19, 1: 4, 2: 5, 3: 1, 4: 1}",0
164,False,"{'a': 0.5092034288753343, 'e': 0.6109504135464614}",20,0,-40.340305351818785,"{0: 15, 1: 1, 2: 3, 3: 1, 4: 0}",0
165,False,"{'a': 0.508694225446459, 'e': 0.609117562305822}",25,14,17.117167430410223,"{0: 11, 1: 0, 2: 0, 3: 0, 4: 0}",1
166,False,"{'a': 0.5081855312210126, 'e': 0.6072902096189046}",20,0,-84.40285695989787,"{0: 15, 1: 1, 2: 2, 3: 0, 4: 2}",0
167,False,"{'a': 0.5076773456897916, 'e': 0.6054683389900478}",30,0,-69.52694096787562,"{0: 22, 1: 4, 2: 2, 3: 1, 4: 1}",0
168,False,"{'a': 0.5071696683441018, 'e': 0.6036519339730777}",30,14,-72.25125986671942,"{0: 11, 1: 0, 2: 3, 3: 1, 4: 1}",1
169,False,"{'a': 0.5066624986757577, 'e': 0.6018409781711584}",30,0,-130.70057856014887,"{0: 20, 1: 2, 2: 5, 3: 1, 4: 2}",0
170,False,"{'a': 0.506155836177082, 'e': 0.6000354552366449}",25,0,-23.058621188037833,"{0: 20, 1: 1, 2: 4, 3: 0, 4: 0}",0
171,False,"{'a': 0.505649680340905, 'e': 0.598235348870935}",20,0,-130.69651734546662,"{0: 15, 1: 0, 2: 1, 3: 1, 4: 3}",0
172,False,"{'a': 0.505144030660564, 'e': 0.5964406428243222}",20,10,-12.790793026379626,"{0: 7, 1: 1, 2: 2, 3: 0, 4: 0}",1
173,False,"{'a': 0.5046388866299034, 'e': 0.5946513208958493}",30,19,-72.29487283328461,"{0: 8, 1: 1, 2: 0, 3: 0, 4: 2}",1
174,False,"{'a': 0.5041342477432735, 'e': 0.5928673669331617}",30,0,-24.432908104455493,"{0: 26, 1: 1, 2: 2, 3: 0, 4: 1}",0
175,False,"{'a': 0.5036301134955302, 'e': 0.5910887648323622}",25,0,-211.68349782507485,"{0: 12, 1: 5, 2: 2, 3: 3, 4: 3}",0
176,False,"{'a': 0.5031264833820347, 'e': 0.5893154985378651}",25,0,-148.85048636966312,"{0: 15, 1: 4, 2: 3, 3: 0, 4: 3}",0
177,False,"{'a': 0.5026233568986527, 'e': 0.5875475520422515}",20,10,-57.36438625730607,"{0: 4, 1: 1, 2: 4, 3: 1, 4: 0}",1
178,False,"{'a': 0.502120733541754, 'e': 0.5857849093861247}",20,0,-65.12990354175427,"{0: 14, 1: 2, 2: 2, 3: 1, 4: 1}",0
179,False,"{'a': 0.5016186128082123, 'e': 0.5840275546579663}",25,17,-10.8533862661369,"{0: 6, 1: 0, 2: 2, 3: 0, 4: 0}",1
180,False,"{'a': 0.5011169941954041, 'e': 0.5822754719939924}",25,0,-126.82417569621379,"{0: 15, 1: 4, 2: 3, 3: 1, 4: 2}",0
181,False,"{'a': 0.5006158772012087, 'e': 0.5805286455780104}",25,0,-92.97117036769956,"{0: 21, 1: 0, 2: 0, 3: 2, 4: 2}",0
182,False,"{'a': 0.5001152613240075, 'e': 0.5787870596412764}",20,3,-79.26283676338261,"{0: 10, 1: 2, 2: 3, 3: 1, 4: 1}",1
183,False,"{'a': 0.49961514606268353, 'e': 0.5770506984623526}",30,12,-66.10870461585442,"{0: 13, 1: 0, 2: 3, 3: 1, 4: 1}",1
184,False,"{'a': 0.49911553091662086, 'e': 0.5753195463669655}",20,0,-39.51556698635284,"{0: 17, 1: 0, 2: 2, 3: 0, 4: 1}",0
185,False,"{'a': 0.4986164153857042, 'e': 0.5735935877278646}",25,5,-16.933176184011675,"{0: 17, 1: 0, 2: 2, 3: 1, 4: 0}",1
186,False,"{'a': 0.49811779897031855, 'e': 0.571872806964681}",30,12,-19.8337441683582,"{0: 16, 1: 0, 2: 1, 3: 0, 4: 1}",1
187,False,"{'a': 0.49761968117134825, 'e': 0.5701571885437869}",25,0,-76.22920324539439,"{0: 19, 1: 1, 2: 3, 3: 1, 4: 1}",0
188,False,"{'a': 0.4971220614901769, 'e': 0.5684467169781556}",20,0,-90.62221890366848,"{0: 15, 1: 2, 2: 0, 3: 1, 4: 2}",0
189,False,"{'a': 0.49662493942868674, 'e': 0.5667413768272211}",20,0,-34.93139657886207,"{0: 14, 1: 3, 2: 2, 3: 1, 4: 0}",0
190,False,"{'a': 0.49612831448925804, 'e': 0.5650411526967395}",20,12,-38.154167631548795,"{0: 6, 1: 0, 2: 1, 3: 0, 4: 1}",1
191,False,"{'a': 0.4956321861747688, 'e': 0.5633460292386493}",25,0,2.8083772631653456,"{0: 20, 1: 5, 2: 0, 3: 0, 4: 0}",0
192,False,"{'a': 0.495136553988594, 'e': 0.5616559911509333}",20,3,-38.88326668086828,"{0: 13, 1: 2, 2: 1, 3: 0, 4: 1}",1
193,False,"{'a': 0.49464141743460543, 'e': 0.5599710231774805}",20,14,11.154676120196555,"{0: 6, 1: 0, 2: 0, 3: 0, 4: 0}",1
194,False,"{'a': 0.49414677601717083, 'e': 0.5582911101079481}",25,0,-91.83782959292074,"{0: 17, 1: 1, 2: 5, 3: 1, 4: 1}",0
195,False,"{'a': 0.49365262924115366, 'e': 0.5566162367776242}",25,17,-28.61136064367683,"{0: 6, 1: 0, 2: 0, 3: 2, 4: 0}",1
196,False,"{'a': 0.4931589766119125, 'e': 0.5549463880672914}",20,13,1.5537822415446048,"{0: 6, 1: 0, 2: 1, 3: 0, 4: 0}",1
197,False,"{'a': 0.4926658176353006, 'e': 0.5532815489030894}",20,2,4.521231189009283,"{0: 15, 1: 2, 2: 1, 3: 0, 4: 0}",1
198,False,"{'a': 0.4921731518176653, 'e': 0.5516217042563801}",20,0,-7.73075163422617,"{0: 16, 1: 3, 2: 1, 3: 0, 4: 0}",0
199,False,"{'a': 0.49168097866584765, 'e': 0.549966839143611}",30,15,7.563689516538753,"{0: 13, 1: 1, 2: 1, 3: 0, 4: 0}",1
200,False,"{'a': 0.4911892976871818, 'e': 0.5483169386261801}",25,7,-33.53322917778244,"{0: 16, 1: 0, 2: 0, 3: 1, 4: 1}",1
201,False,"{'a': 0.4906981083894946, 'e': 0.5466719878103016}",20,0,-5.793266645387509,"{0: 17, 1: 0, 2: 3, 3: 0, 4: 0}",0
202,False,"{'a': 0.49020741028110515, 'e': 0.5450319718468707}",25,0,-136.7847427365008,"{0: 15, 1: 5, 2: 1, 3: 2, 4: 2}",0
203,False,"{'a': 0.48971720287082404, 'e': 0.5433968759313301}",20,8,-83.48427338850789,"{0: 8, 1: 1, 2: 1, 3: 0, 4: 2}",1
204,False,"{'a': 0.4892274856679532, 'e': 0.5417666853035361}",20,3,-50.96885093283472,"{0: 12, 1: 2, 2: 2, 3: 0, 4: 1}",1
205,False,"{'a': 0.4887382581822853, 'e': 0.5401413852476254}",30,0,-130.76068388844925,"{0: 22, 1: 0, 2: 4, 3: 2, 4: 2}",0
206,False,"{'a': 0.488249519924103, 'e': 0.5385209610918825}",20,8,-46.63574066735517,"{0: 8, 1: 2, 2: 1, 3: 0, 4: 1}",1
207,False,"{'a': 0.4877612704041789, 'e': 0.5369053982086068}",30,0,-58.134023754407856,"{0: 23, 1: 4, 2: 1, 3: 1, 4: 1}",0
208,False,"{'a': 0.4872735091337747, 'e': 0.535294682013981}",25,0,-144.7285171419272,"{0: 16, 1: 2, 2: 4, 3: 0, 4: 3}",0
209,False,"{'a': 0.4867862356246409, 'e': 0.5336887979679391}",20,4,-33.3926936758055,"{0: 10, 1: 2, 2: 4, 3: 0, 4: 0}",1
210,False,"{'a': 0.48629944938901626, 'e': 0.5320877315740353}",30,0,-98.7380782793641,"{0: 21, 1: 1, 2: 6, 3: 1, 4: 1}",0
211,False,"{'a': 0.48581314993962726, 'e': 0.5304914683793133}",30,20,15.225057408894804,"{0: 10, 1: 0, 2: 0, 3: 0, 4: 0}",1
212,False,"{'a': 0.48532733678968765, 'e': 0.5288999939741753}",25,6,-11.445223594411026,"{0: 16, 1: 1, 2: 1, 3: 1, 4: 0}",1
213,False,"{'a': 0.48484200945289796, 'e': 0.5273132939922528}",20,0,-20.141241333531752,"{0: 14, 1: 4, 2: 2, 3: 0, 4: 0}",0
214,False,"{'a': 0.48435716744344504, 'e': 0.525731354110276}",20,0,-114.72411019911208,"{0: 12, 1: 4, 2: 1, 3: 1, 4: 2}",0
215,False,"{'a': 0.4838728102760016, 'e': 0.5241541600479452}",25,13,-30.2460295929658,"{0: 10, 1: 0, 2: 1, 3: 0, 4: 1}",1
216,False,"{'a': 0.4833889374657256, 'e': 0.5225816975678014}",20,2,-75.35723481584658,"{0: 12, 1: 1, 2: 3, 3: 1, 4: 1}",1
217,False,"{'a': 0.48290554852825984, 'e': 0.521013952475098}",25,17,-9.612105606495781,"{0: 6, 1: 0, 2: 2, 3: 0, 4: 0}",1
218,False,"{'a': 0.4824226429797316, 'e': 0.5194509106176727}",20,11,7.209481910320924,"{0: 8, 1: 1, 2: 0, 3: 0, 4: 0}",1
219,False,"{'a': 0.4819402203367519, 'e': 0.5178925578858197}",30,1,-121.70125077293658,"{0: 20, 1: 1, 2: 6, 3: 0, 4: 2}",1
220,False,"{'a': 0.4814582801164151, 'e': 0.5163388802121622}",35,0,-127.75405326820251,"{0: 25, 1: 2, 2: 5, 3: 1, 4: 2}",0
221,False,"{'a': 0.4809768218362987, 'e': 0.5147898635715258}",30,15,-30.846430658646014,"{0: 11, 1: 0, 2: 3, 3: 1, 4: 0}",1
222,False,"{'a': 0.4804958450144624, 'e': 0.5132454939808112}",30,3,-65.04713002243241,"{0: 20, 1: 3, 2: 2, 3: 1, 4: 1}",1
223,False,"{'a': 0.48001534916944794, 'e': 0.5117057574988688}",20,12,1.9610271622811188,"{0: 7, 1: 0, 2: 1, 3: 0, 4: 0}",1
224,False,"{'a': 0.47953533382027846, 'e': 0.5101706402263723}",25,8,-99.4910917927271,"{0: 11, 1: 1, 2: 1, 3: 3, 4: 1}",1
225,False,"{'a': 0.4790557984864582, 'e': 0.5086401283056932}",20,0,-80.85782930649142,"{0: 10, 1: 7, 2: 2, 3: 0, 4: 1}",0
226,False,"{'a': 0.47857674268797173, 'e': 0.5071142079207761}",25,16,14.634889114291111,"{0: 9, 1: 0, 2: 0, 3: 0, 4: 0}",1
227,False,"{'a': 0.47809816594528376, 'e': 0.5055928652970137}",30,17,1.549226991494677,"{0: 11, 1: 0, 2: 2, 3: 0, 4: 0}",1
228,False,"{'a': 0.47762006777933846, 'e': 0.5040760867011227}",20,11,-44.28885901022715,"{0: 6, 1: 1, 2: 1, 3: 0, 4: 1}",1
229,False,"{'a': 0.4771424477115591, 'e': 0.5025638584410194}",20,0,14.08495724044873,"{0: 17, 1: 3, 2: 0, 3: 0, 4: 0}",0
230,False,"{'a': 0.47666530526384754, 'e': 0.5010561668656963}",25,2,29.121844290362557,"{0: 22, 1: 1, 2: 0, 3: 0, 4: 0}",1
231,False,"{'a': 0.4761886399585837, 'e': 0.49955299836509925}",25,0,-37.422735245628864,"{0: 19, 1: 1, 2: 4, 3: 1, 4: 0}",0
232,False,"{'a': 0.4757124513186251, 'e': 0.49805433937000393}",20,15,3.102047755247739,"{0: 4, 1: 1, 2: 0, 3: 0, 4: 0}",1
233,False,"{'a': 0.4752367388673065, 'e': 0.4965601763518939}",25,16,-16.397130699184956,"{0: 6, 1: 0, 2: 3, 3: 0, 4: 0}",1
234,False,"{'a': 0.4747615021284392, 'e': 0.49507049582283824}",20,16,8.760308233774005,"{0: 4, 1: 0, 2: 0, 3: 0, 4: 0}",1
235,False,"{'a': 0.47428674062631077, 'e': 0.49358528433536975}",25,0,-60.83623313008779,"{0: 17, 1: 5, 2: 2, 3: 0, 4: 1}",0
236,False,"{'a': 0.47381245388568444, 'e': 0.49210452848236363}",25,2,-30.157255390949604,"{0: 17, 1: 1, 2: 5, 3: 0, 4: 0}",1
237,False,"{'a': 0.47333864143179877, 'e': 0.49062821489691655}",30,0,-131.34472222562607,"{0: 18, 1: 3, 2: 6, 3: 2, 4: 1}",0
238,False,"{'a': 0.472865302790367, 'e': 0.4891563302522258}",20,10,8.125239356787409,"{0: 9, 1: 0, 2: 1, 3: 0, 4: 0}",1
239,False,"{'a': 0.4723924374875766, 'e': 0.48768886126146915}",25,11,-0.09061337512609646,"{0: 12, 1: 1, 2: 1, 3: 0, 4: 0}",1
240,False,"{'a': 0.471920045050089, 'e': 0.48622579467768473}",25,8,-37.64853453567335,"{0: 14, 1: 0, 2: 2, 3: 0, 4: 1}",1
241,False,"{'a': 0.4714481250050389, 'e': 0.4847671172936517}",20,15,-2.662377227861806,"{0: 4, 1: 0, 2: 1, 3: 0, 4: 0}",1
242,False,"{'a': 0.47097667688003386, 'e': 0.4833128159417707}",20,7,10.279857594808481,"{0: 11, 1: 2, 2: 0, 3: 0, 4: 0}",1
243,False,"{'a': 0.47050570020315385, 'e': 0.4818628774939454}",35,3,-4.684407083348396,"{0: 27, 1: 2, 2: 3, 3: 0, 4: 0}",1
244,False,"{'a': 0.4700351945029507, 'e': 0.48041728886146357}",25,4,-63.47430131387244,"{0: 15, 1: 1, 2: 4, 3: 0, 4: 1}",1
245,False,"{'a': 0.4695651593084478, 'e': 0.4789760369948792}",25,0,-23.943512269143294,"{0: 22, 1: 1, 2: 1, 3: 0, 4: 1}",0
246,False,"{'a': 0.4690955941491393, 'e': 0.47753910888389456}",25,12,-54.754749393254585,"{0: 9, 1: 0, 2: 3, 3: 0, 4: 1}",1
247,False,"{'a': 0.46862649855499017, 'e': 0.4761064915572429}",20,0,14.487342234745135,"{0: 19, 1: 0, 2: 1, 3: 0, 4: 0}",0
248,False,"{'a': 0.46815787205643516, 'e': 0.4746781720825711}",35,21,-30.687060203234843,"{0: 12, 1: 0, 2: 1, 3: 0, 4: 1}",1
249,False,"{'a': 0.4676897141843787, 'e': 0.4732541375663234}",20,8,-13.517510378853688,"{0: 9, 1: 0, 2: 3, 3: 0, 4: 0}",1
250,False,"{'a': 0.46722202447019434, 'e': 0.4718343751536244}",20,0,-89.08443077226093,"{0: 14, 1: 3, 2: 1, 3: 0, 4: 2}",0
251,False,"{'a': 0.46675480244572415, 'e': 0.47041887202816357}",20,0,-35.565961855624806,"{0: 15, 1: 0, 2: 4, 3: 1, 4: 0}",0
252,False,"{'a': 0.4662880476432784, 'e': 0.4690076154120791}",20,7,15.551207848404436,"{0: 12, 1: 1, 2: 0, 3: 0, 4: 0}",1
253,False,"{'a': 0.46582175959563515, 'e': 0.46760059256584285}",25,0,-64.92292440160624,"{0: 21, 1: 1, 2: 1, 3: 0, 4: 2}",0
254,False,"{'a': 0.4653559378360395, 'e': 0.4661977907881453}",20,0,-81.47305094481877,"{0: 15, 1: 1, 2: 2, 3: 0, 4: 2}",0
255,False,"{'a': 0.4648905818982035, 'e': 0.4647991974157809}",25,10,-43.682747131292565,"{0: 12, 1: 0, 2: 2, 3: 0, 4: 1}",1
256,False,"{'a': 0.4644256913163053, 'e': 0.46340479982353355}",25,14,20.424503365930267,"{0: 11, 1: 0, 2: 0, 3: 0, 4: 0}",1
257,False,"{'a': 0.46396126562498896, 'e': 0.46201458542406293}",20,12,8.167336650382552,"{0: 7, 1: 1, 2: 0, 3: 0, 4: 0}",1
258,False,"{'a': 0.463497304359364, 'e': 0.4606285416677907}",20,12,4.1718594074766475,"{0: 7, 1: 1, 2: 0, 3: 0, 4: 0}",1
259,False,"{'a': 0.46303380705500463, 'e': 0.45924665604278736}",35,0,-68.23837031042873,"{0: 26, 1: 4, 2: 4, 3: 0, 4: 1}",0
260,False,"{'a': 0.46257077324794965, 'e': 0.457868916074659}",35,18,-8.181927998537365,"{0: 13, 1: 1, 2: 3, 3: 0, 4: 0}",1
261,False,"{'a': 0.4621082024747017, 'e': 0.45649530932643506}",25,0,-102.9770184611755,"{0: 19, 1: 1, 2: 2, 3: 1, 4: 2}",0
262,False,"{'a': 0.46164609427222697, 'e': 0.45512582339845575}",20,12,-26.524075674992076,"{0: 7, 1: 0, 2: 0, 3: 0, 4: 1}",1
263,False,"{'a': 0.46118444817795473, 'e': 0.45376044592826037}",30,13,-67.10449052537112,"{0: 14, 1: 0, 2: 1, 3: 0, 4: 2}",1
264,False,"{'a': 0.4607232637297768, 'e': 0.4523991645904756}",30,0,-49.7079843782363,"{0: 25, 1: 1, 2: 2, 3: 1, 4: 1}",0
265,False,"{'a': 0.46026254046604703, 'e': 0.45104196709670413}",20,0,-25.14726537493365,"{0: 16, 1: 0, 2: 3, 3: 1, 4: 0}",1
266,False,"{'a': 0.459802277925581, 'e': 0.449688841195414}",20,5,13.988637071693159,"{0: 14, 1: 1, 2: 0, 3: 0, 4: 0}",1
267,False,"{'a': 0.4593424756476554, 'e': 0.4483397746718278}",20,12,-80.90298016699224,"{0: 5, 1: 0, 2: 1, 3: 0, 4: 2}",1
268,False,"{'a': 0.45888313317200774, 'e': 0.4469947553478123}",25,0,-168.35238363073546,"{0: 15, 1: 3, 2: 3, 3: 1, 4: 3}",0
269,False,"{'a': 0.45842425003883575, 'e': 0.44565377108176885}",20,0,-7.1100812779245155,"{0: 17, 1: 0, 2: 3, 3: 0, 4: 0}",0
270,False,"{'a': 0.4579658257887969, 'e': 0.44431680976852356}",20,8,22.66291084047523,"{0: 12, 1: 0, 2: 0, 3: 0, 4: 0}",1
271,False,"{'a': 0.45750785996300813, 'e': 0.44298385933921797}",25,2,-45.26778378952708,"{0: 18, 1: 2, 2: 2, 3: 0, 4: 1}",1
272,False,"{'a': 0.4570503521030451, 'e': 0.4416549077612003}",20,2,13.418468722611305,"{0: 17, 1: 0, 2: 1, 3: 0, 4: 0}",1
273,False,"{'a': 0.4565933017509421, 'e': 0.4403299430379167}",25,13,-48.698365639370735,"{0: 9, 1: 0, 2: 2, 3: 0, 4: 1}",1
274,False,"{'a': 0.45613670844919113, 'e': 0.43900895320880295}",25,0,-48.924987010004074,"{0: 20, 1: 0, 2: 4, 3: 0, 4: 1}",0
275,False,"{'a': 0.45568057174074195, 'e': 0.43769192634917653}",30,22,0.6462024504431207,"{0: 6, 1: 2, 2: 0, 3: 0, 4: 0}",1
276,False,"{'a': 0.4552248911690012, 'e': 0.436378850570129}",30,0,-130.78871077692244,"{0: 22, 1: 1, 2: 3, 3: 2, 4: 2}",0
277,False,"{'a': 0.4547696662778322, 'e': 0.4350697140184186}",20,3,-5.564269954113438,"{0: 14, 1: 0, 2: 3, 3: 0, 4: 0}",1
278,False,"{'a': 0.4543148966115544, 'e': 0.43376450487636337}",20,0,-39.714981637321486,"{0: 17, 1: 0, 2: 2, 3: 0, 4: 1}",0
279,False,"{'a': 0.4538605817149428, 'e': 0.43246321136173427}",20,16,7.70737010736442,"{0: 4, 1: 0, 2: 0, 3: 0, 4: 0}",1
280,False,"{'a': 0.4534067211332279, 'e': 0.43116582172764906}",20,0,-10.697931841990755,"{0: 16, 1: 0, 2: 4, 3: 0, 4: 0}",1
281,False,"{'a': 0.45295331441209463, 'e': 0.42987232426246613}",20,0,-46.91407559152388,"{0: 17, 1: 0, 2: 1, 3: 1, 4: 1}",0
282,False,"{'a': 0.45250036109768255, 'e': 0.42858270728967873}",25,9,14.3735015355457,"{0: 15, 1: 0, 2: 1, 3: 0, 4: 0}",1
283,False,"{'a': 0.45204786073658487, 'e': 0.4272969591678097}",20,11,-5.137609686990489,"{0: 7, 1: 1, 2: 1, 3: 0, 4: 0}",1
284,False,"{'a': 0.45159581287584827, 'e': 0.4260150682903063}",35,3,-33.40923166365445,"{0: 27, 1: 2, 2: 2, 3: 0, 4: 1}",1
285,False,"{'a': 0.4511442170629724, 'e': 0.4247370230854354}",25,14,-10.949917894626266,"{0: 8, 1: 1, 2: 2, 3: 0, 4: 0}",1
286,False,"{'a': 0.4506930728459094, 'e': 0.4234628120161791}",20,9,-31.842581788813913,"{0: 9, 1: 0, 2: 1, 3: 0, 4: 1}",1
287,False,"{'a': 0.45024237977306353, 'e': 0.42219242358013054}",20,0,-66.87646445398767,"{0: 15, 1: 1, 2: 2, 3: 1, 4: 1}",0
288,False,"{'a': 0.44979213739329044, 'e': 0.4209258463093902}",20,0,-28.478918479256333,"{0: 17, 1: 0, 2: 1, 3: 2, 4: 0}",0
289,False,"{'a': 0.44934234525589717, 'e': 0.419663068770462}",30,14,-19.74502146967098,"{0: 11, 1: 2, 2: 3, 3: 0, 4: 0}",1
290,False,"{'a': 0.44889300291064127, 'e': 0.4184040795641506}",25,7,-77.01936166392186,"{0: 14, 1: 1, 2: 1, 3: 0, 4: 2}",1
291,False,"{'a': 0.44844410990773065, 'e': 0.41714886732545814}",25,18,-37.55487453177107,"{0: 5, 1: 1, 2: 0, 3: 0, 4: 1}",1
292,False,"{'a': 0.4479956657978229, 'e': 0.41589742072348174}",20,7,-23.793309853562658,"{0: 10, 1: 0, 2: 2, 3: 1, 4: 0}",1
293,False,"{'a': 0.44754767013202507, 'e': 0.4146497284613113}",25,2,-19.74687859781465,"{0: 18, 1: 1, 2: 4, 3: 0, 4: 0}",1
294,False,"{'a': 0.44710012246189307, 'e': 0.41340577927592737}",30,13,8.185740444472545,"{0: 15, 1: 0, 2: 2, 3: 0, 4: 0}",1
295,False,"{'a': 0.44665302233943116, 'e': 0.41216556193809956}",25,0,-89.4003634821487,"{0: 21, 1: 0, 2: 1, 3: 1, 4: 2}",0
296,False,"{'a': 0.44620636931709173, 'e': 0.41092906525228523}",25,12,19.706514745542393,"{0: 12, 1: 1, 2: 0, 3: 0, 4: 0}",1
297,False,"{'a': 0.44576016294777465, 'e': 0.40969627805652836}",20,0,-4.064594151435835,"{0: 16, 1: 4, 2: 0, 3: 0, 4: 0}",0
298,False,"{'a': 0.44531440278482687, 'e': 0.40846718922235875}",20,0,-17.008511246805934,"{0: 16, 1: 0, 2: 4, 3: 0, 4: 0}",0
299,False,"{'a': 0.44486908838204203, 'e': 0.40724178765469166}",25,11,19.494611422352293,"{0: 13, 1: 1, 2: 0, 3: 0, 4: 0}",1
300,False,"{'a': 0.44442421929366, 'e': 0.4060200622917276}",30,7,-25.549485124707914,"{0: 19, 1: 2, 2: 1, 3: 0, 4: 1}",1
301,False,"{'a': 0.44397979507436636, 'e': 0.4048020021048524}",20,0,-58.23403009385835,"{0: 14, 1: 3, 2: 2, 3: 0, 4: 1}",0
302,False,"{'a': 0.443535815279292, 'e': 0.40358759609853784}",20,0,-43.409334248355144,"{0: 16, 1: 0, 2: 3, 3: 0, 4: 1}",0
303,False,"{'a': 0.4430922794640127, 'e': 0.4023768333102422}",20,11,12.819718172353749,"{0: 9, 1: 0, 2: 0, 3: 0, 4: 0}",1
304,False,"{'a': 0.4426491871845487, 'e': 0.4011697028103115}",20,0,-6.237633764009852,"{0: 17, 1: 1, 2: 1, 3: 1, 4: 0}",0
305,False,"{'a': 0.44220653799736415, 'e': 0.3999661937018806}",20,0,-25.770441200507413,"{0: 16, 1: 0, 2: 3, 3: 1, 4: 0}",0
306,False,"{'a': 0.4417643314593668, 'e': 0.39876629512077494}",20,6,26.331781513108123,"{0: 14, 1: 0, 2: 0, 3: 0, 4: 0}",1
307,False,"{'a': 0.4413225671279074, 'e': 0.3975699962354126}",20,7,-23.14770561143653,"{0: 10, 1: 0, 2: 2, 3: 1, 4: 0}",1
308,False,"{'a': 0.4408812445607795, 'e': 0.3963772862467064}",25,9,-5.266458718269085,"{0: 13, 1: 1, 2: 2, 3: 0, 4: 0}",1
309,False,"{'a': 0.4404403633162187, 'e': 0.39518815438796623}",20,0,-26.739846540280983,"{0: 18, 1: 0, 2: 1, 3: 0, 4: 1}",0
310,False,"{'a': 0.4399999229529025, 'e': 0.3940025899248023}",25,0,5.0716709156796105,"{0: 23, 1: 0, 2: 2, 3: 0, 4: 0}",0
311,False,"{'a': 0.4395599230299496, 'e': 0.3928205821550279}",20,0,-84.79182257650648,"{0: 15, 1: 1, 2: 2, 3: 0, 4: 2}",0
312,False,"{'a': 0.43912036310691965, 'e': 0.39164212040856283}",20,0,11.532110848330873,"{0: 17, 1: 2, 2: 1, 3: 0, 4: 0}",0
313,False,"{'a': 0.43868124274381276, 'e': 0.39046719404733715}",25,0,-22.770034986402692,"{0: 22, 1: 1, 2: 1, 3: 0, 4: 1}",0
314,False,"{'a': 0.43824256150106894, 'e': 0.38929579246519513}",20,9,-43.85560753106216,"{0: 8, 1: 1, 2: 1, 3: 0, 4: 1}",1
315,False,"{'a': 0.4378043189395679, 'e': 0.38812790508779954}",20,7,-54.98606023050987,"{0: 9, 1: 0, 2: 1, 3: 3, 4: 0}",1
316,False,"{'a': 0.4373665146206283, 'e': 0.38696352137253615}",30,24,11.17123533149497,"{0: 6, 1: 0, 2: 0, 3: 0, 4: 0}",1
317,False,"{'a': 0.4369291481060077, 'e': 0.38580263080841853}",30,10,0.46745221612133836,"{0: 18, 1: 0, 2: 1, 3: 1, 4: 0}",1
318,False,"{'a': 0.4364922189579017, 'e': 0.3846452229159933}",20,3,4.731153224531156,"{0: 16, 1: 0, 2: 0, 3: 1, 4: 0}",1
319,False,"{'a': 0.43605572673894377, 'e': 0.3834912872472453}",20,0,-29.345967261751756,"{0: 18, 1: 0, 2: 1, 3: 0, 4: 1}",0
320,False,"{'a': 0.43561967101220483, 'e': 0.3823408133855036}",25,16,15.55546904072291,"{0: 9, 1: 0, 2: 0, 3: 0, 4: 0}",1
321,False,"{'a': 0.43518405134119265, 'e': 0.38119379094534706}",20,9,9.01822095397979,"{0: 10, 1: 0, 2: 1, 3: 0, 4: 0}",1
322,False,"{'a': 0.43474886728985146, 'e': 0.380050209572511}",25,14,-9.324637122310417,"{0: 8, 1: 1, 2: 2, 3: 0, 4: 0}",1
323,False,"{'a': 0.4343141184225616, 'e': 0.3789100589437935}",20,6,-28.86737770342736,"{0: 12, 1: 0, 2: 1, 3: 0, 4: 1}",1
324,False,"{'a': 0.4338798043041391, 'e': 0.3777733287669621}",30,18,2.647641018875281,"{0: 10, 1: 0, 2: 2, 3: 0, 4: 0}",1
325,False,"{'a': 0.43344592449983493, 'e': 0.37664000878066123}",20,5,-61.97711267632045,"{0: 13, 1: 0, 2: 0, 3: 0, 4: 2}",1
326,False,"{'a': 0.4330124785753351, 'e': 0.37551008875431924}",25,12,5.763263579705509,"{0: 11, 1: 1, 2: 1, 3: 0, 4: 0}",1
327,False,"{'a': 0.43257946609675973, 'e': 0.37438355848805627}",20,13,3.3546623037186176,"{0: 6, 1: 0, 2: 1, 3: 0, 4: 0}",1
328,False,"{'a': 0.432146886630663, 'e': 0.3732604078125921}",25,0,-18.532007560512177,"{0: 20, 1: 3, 2: 1, 3: 1, 4: 0}",0
329,False,"{'a': 0.4317147397440323, 'e': 0.37214062658915437}",20,0,-58.328829772956205,"{0: 16, 1: 1, 2: 1, 3: 1, 4: 1}",0
330,False,"{'a': 0.4312830250042883, 'e': 0.3710242047093869}",35,7,-108.82330817000651,"{0: 22, 1: 2, 2: 1, 3: 0, 4: 3}",1
331,False,"{'a': 0.430851741979284, 'e': 0.3699111320952587}",20,8,16.556211800902556,"{0: 11, 1: 1, 2: 0, 3: 0, 4: 0}",1
332,False,"{'a': 0.43042089023730473, 'e': 0.36880139869897294}",25,12,11.995924719934196,"{0: 12, 1: 0, 2: 1, 3: 0, 4: 0}",1
333,False,"{'a': 0.4299904693470674, 'e': 0.367694994502876}",30,12,-29.772258832135662,"{0: 15, 1: 1, 2: 1, 3: 0, 4: 1}",1
334,False,"{'a': 0.42956047887772036, 'e': 0.3665919095193674}",20,0,-26.29171818657233,"{0: 16, 1: 0, 2: 3, 3: 1, 4: 0}",0
335,False,"{'a': 0.42913091839884265, 'e': 0.36549213379080925}",30,10,-14.302164103311387,"{0: 16, 1: 3, 2: 0, 3: 1, 4: 0}",1
336,False,"{'a': 0.4287017874804438, 'e': 0.3643956573894368}",30,6,-127.80356231031348,"{0: 17, 1: 1, 2: 3, 3: 0, 4: 3}",1
337,False,"{'a': 0.42827308569296335, 'e': 0.3633024704172685}",35,12,9.508220670965176,"{0: 20, 1: 1, 2: 2, 3: 0, 4: 0}",1
338,False,"{'a': 0.42784481260727036, 'e': 0.3622125630060167}",20,3,2.720036276234291,"{0: 15, 1: 0, 2: 2, 3: 0, 4: 0}",1
339,False,"{'a': 0.4274169677946631, 'e': 0.3611259253169986}",25,0,-98.69669999784416,"{0: 20, 1: 2, 2: 0, 3: 0, 4: 3}",0
340,False,"{'a': 0.42698955082686846, 'e': 0.3600425475410476}",20,0,1.691143641280534,"{0: 17, 1: 1, 2: 2, 3: 0, 4: 0}",0
341,False,"{'a': 0.4265625612760416, 'e': 0.3589624198984244}",25,17,12.403544456809893,"{0: 8, 1: 0, 2: 0, 3: 0, 4: 0}",1
342,False,"{'a': 0.42613599871476554, 'e': 0.35788553263872913}",20,9,-2.8943184739531755,"{0: 9, 1: 0, 2: 2, 3: 0, 4: 0}",1
343,False,"{'a': 0.42570986271605077, 'e': 0.35681187604081294}",20,5,-11.253215880783443,"{0: 12, 1: 0, 2: 3, 3: 0, 4: 0}",1
344,False,"{'a': 0.4252841528533347, 'e': 0.3557414404126905}",20,2,3.9676648267467702,"{0: 16, 1: 0, 2: 2, 3: 0, 4: 0}",1
345,False,"{'a': 0.4248588687004814, 'e': 0.35467421609145244}",20,0,-7.865085555488294,"{0: 17, 1: 0, 2: 3, 3: 0, 4: 0}",0
346,False,"{'a': 0.4244340098317809, 'e': 0.35361019344317807}",25,8,6.622432708092779,"{0: 15, 1: 0, 2: 2, 3: 0, 4: 0}",1
347,False,"{'a': 0.42400957582194915, 'e': 0.35254936286284855}",25,0,-32.36962196392723,"{0: 21, 1: 0, 2: 3, 3: 0, 4: 1}",0
348,False,"{'a': 0.4235855662461272, 'e': 0.35149171477426}",20,0,-76.0883337059572,"{0: 14, 1: 0, 2: 4, 3: 1, 4: 1}",0
349,False,"{'a': 0.4231619806798811, 'e': 0.3504372396299372}",25,12,-3.196114055052133,"{0: 11, 1: 0, 2: 2, 3: 0, 4: 0}",1
350,False,"{'a': 0.4227388186992012, 'e': 0.3493859279110474}",25,7,-37.67032410074738,"{0: 16, 1: 0, 2: 0, 3: 1, 4: 1}",1
351,False,"{'a': 0.422316079880502, 'e': 0.34833777012731426}",20,0,3.585996349394111,"{0: 18, 1: 0, 2: 2, 3: 0, 4: 0}",0
352,False,"{'a': 0.4218937638006215, 'e': 0.34729275681693234}",25,17,-24.60368194843844,"{0: 7, 1: 0, 2: 0, 3: 0, 4: 1}",1
353,False,"{'a': 0.42147187003682085, 'e': 0.3462508785464815}",20,11,2.503690107052317,"{0: 8, 1: 0, 2: 1, 3: 0, 4: 0}",1
354,False,"{'a': 0.421050398166784, 'e': 0.34521212591084205}",25,19,11.937673721823177,"{0: 6, 1: 0, 2: 0, 3: 0, 4: 0}",1
355,False,"{'a': 0.4206293477686172, 'e': 0.34417648953310953}",25,14,-8.083402665122021,"{0: 8, 1: 1, 2: 2, 3: 0, 4: 0}",1
356,False,"{'a': 0.4202087184208486, 'e': 0.3431439600645102}",25,5,-31.776863572246626,"{0: 14, 1: 3, 2: 2, 3: 1, 4: 0}",1
357,False,"{'a': 0.41978850970242776, 'e': 0.34211452818431665}",25,6,-50.83518777141452,"{0: 14, 1: 1, 2: 3, 3: 0, 4: 1}",1
358,False,"{'a': 0.41936872119272534, 'e': 0.3410881845997637}",20,0,-48.4904896235144,"{0: 17, 1: 0, 2: 1, 3: 1, 4: 1}",1
359,False,"{'a': 0.4189493524715326, 'e': 0.3400649200459644}",30,8,-62.404297462737674,"{0: 17, 1: 0, 2: 3, 3: 1, 4: 1}",1
360,False,"{'a': 0.41853040311906103, 'e': 0.3390447252858265}",20,0,-88.92572295629729,"{0: 14, 1: 2, 2: 2, 3: 0, 4: 2}",1
361,False,"{'a': 0.41811187271594197, 'e': 0.33802759110996905}",30,22,-4.673839145078586,"{0: 6, 1: 1, 2: 1, 3: 0, 4: 0}",1
362,False,"{'a': 0.417693760843226, 'e': 0.3370135083366391}",20,11,-54.69852149911053,"{0: 6, 1: 1, 2: 0, 3: 1, 4: 1}",1
363,False,"{'a': 0.4172760670823828, 'e': 0.3360024678116292}",25,12,10.190958052496239,"{0: 11, 1: 2, 2: 0, 3: 0, 4: 0}",1
364,False,"{'a': 0.41685879101530043, 'e': 0.3349944604081943}",25,5,25.717678835603444,"{0: 19, 1: 1, 2: 0, 3: 0, 4: 0}",1
365,False,"{'a': 0.41644193222428516, 'e': 0.33398947702696974}",25,17,13.092724582934716,"{0: 8, 1: 0, 2: 0, 3: 0, 4: 0}",1
366,False,"{'a': 0.4160254902920609, 'e': 0.3329875085958888}",20,11,2.9919009117265514,"{0: 8, 1: 1, 2: 0, 3: 0, 4: 0}",1
367,False,"{'a': 0.4156094648017688, 'e': 0.33198854607010114}",20,13,10.680485517641454,"{0: 7, 1: 0, 2: 0, 3: 0, 4: 0}",1
368,False,"{'a': 0.415193855336967, 'e': 0.33099258043189084}",30,16,-4.889145857494544,"{0: 10, 1: 4, 2: 0, 3: 0, 4: 0}",1
369,False,"{'a': 0.41477866148163006, 'e': 0.32999960269059514}",20,10,4.318207973262813,"{0: 9, 1: 0, 2: 1, 3: 0, 4: 0}",1
370,False,"{'a': 0.4143638828201484, 'e': 0.32900960388252337}",25,11,-28.155532701841985,"{0: 12, 1: 0, 2: 1, 3: 0, 4: 1}",1
371,False,"{'a': 0.4139495189373283, 'e': 0.3280225750708758}",30,24,13.144260813656128,"{0: 6, 1: 0, 2: 0, 3: 0, 4: 0}",1
372,False,"{'a': 0.413535569418391, 'e': 0.32703850734566314}",25,8,10.462256600716787,"{0: 15, 1: 1, 2: 1, 3: 0, 4: 0}",1
373,False,"{'a': 0.4131220338489726, 'e': 0.32605739182362614}",35,27,13.23676275355287,"{0: 8, 1: 0, 2: 0, 3: 0, 4: 0}",1
374,False,"{'a': 0.41270891181512365, 'e': 0.3250792196481553}",20,0,15.580531989467245,"{0: 19, 1: 0, 2: 1, 3: 0, 4: 0}",0
375,False,"{'a': 0.41229620290330854, 'e': 0.3241039819892108}",30,21,16.10443209087668,"{0: 9, 1: 0, 2: 0, 3: 0, 4: 0}",1
376,False,"{'a': 0.41188390670040526, 'e': 0.32313167004324317}",30,10,29.235726983226044,"{0: 20, 1: 0, 2: 0, 3: 0, 4: 0}",1
377,False,"{'a': 0.4114720227937049, 'e': 0.32216227503311345}",30,10,-15.15458369521067,"{0: 18, 1: 1, 2: 0, 3: 0, 4: 1}",1
378,False,"{'a': 0.4110605507709112, 'e': 0.3211957882080141}",25,20,9.626154111948242,"{0: 5, 1: 0, 2: 0, 3: 0, 4: 0}",1
379,False,"{'a': 0.4106494902201403, 'e': 0.32023220084339005}",25,13,21.632387984533175,"{0: 12, 1: 0, 2: 0, 3: 0, 4: 0}",1
380,False,"{'a': 0.4102388407299202, 'e': 0.31927150424085987}",25,0,-11.970815197802777,"{0: 20, 1: 1, 2: 4, 3: 0, 4: 0}",0
381,False,"{'a': 0.40982860188919024, 'e': 0.3183136897281373}",20,12,1.5894229475941848,"{0: 6, 1: 2, 2: 0, 3: 0, 4: 0}",1
382,False,"{'a': 0.40941877328730103, 'e': 0.31735874865895286}",30,18,11.681374491152736,"{0: 11, 1: 1, 2: 0, 3: 0, 4: 0}",1
383,False,"{'a': 0.4090093545140137, 'e': 0.316406672412976}",20,6,3.1578330851218617,"{0: 13, 1: 0, 2: 0, 3: 1, 4: 0}",1
384,False,"{'a': 0.4086003451594997, 'e': 0.3154574523957371}",25,2,28.01192068505995,"{0: 22, 1: 0, 2: 1, 3: 0, 4: 0}",1
385,False,"{'a': 0.40819174481434023, 'e': 0.3145110800385499}",25,17,4.344803741071492,"{0: 7, 1: 0, 2: 1, 3: 0, 4: 0}",1
386,False,"{'a': 0.4077835530695259, 'e': 0.31356754679843424}",25,0,-26.949341971501305,"{0: 21, 1: 2, 2: 1, 3: 0, 4: 1}",0
387,False,"{'a': 0.4073757695164564, 'e': 0.31262684415803893}",20,5,17.10260306029844,"{0: 14, 1: 1, 2: 0, 3: 0, 4: 0}",1
388,False,"{'a': 0.40696839374693994, 'e': 0.3116889636255648}",25,7,-11.922089949257773,"{0: 15, 1: 1, 2: 1, 3: 1, 4: 0}",1
389,False,"{'a': 0.406561425353193, 'e': 0.3107538967346881}",25,2,14.022054820087686,"{0: 22, 1: 0, 2: 0, 3: 1, 4: 0}",1
390,False,"{'a': 0.40615486392783984, 'e': 0.30982163504448407}",35,15,13.717040857863797,"{0: 17, 1: 3, 2: 0, 3: 0, 4: 0}",1
391,False,"{'a': 0.40574870906391197, 'e': 0.3088921701393506}",20,0,-5.820971948650842,"{0: 17, 1: 0, 2: 3, 3: 0, 4: 0}",0
392,False,"{'a': 0.40534296035484807, 'e': 0.30796549362893255}",30,0,-17.447919944493,"{0: 25, 1: 2, 2: 2, 3: 1, 4: 0}",0
393,False,"{'a': 0.40493761739449324, 'e': 0.30704159714804574}",35,1,-8.684997987062538,"{0: 30, 1: 0, 2: 3, 3: 1, 4: 0}",1
394,False,"{'a': 0.4045326797770987, 'e': 0.3061204723566016}",30,8,12.409172812580652,"{0: 20, 1: 0, 2: 2, 3: 0, 4: 0}",1
395,False,"{'a': 0.40412814709732164, 'e': 0.3052021109395318}",25,15,17.47371148381024,"{0: 10, 1: 0, 2: 0, 3: 0, 4: 0}",1
396,False,"{'a': 0.4037240189502243, 'e': 0.3042865046067132}",30,4,32.85716006177681,"{0: 25, 1: 1, 2: 0, 3: 0, 4: 0}",1
397,False,"{'a': 0.4033202949312741, 'e': 0.30337364509289305}",20,7,7.599352966792941,"{0: 11, 1: 1, 2: 1, 3: 0, 4: 0}",1
398,False,"{'a': 0.4029169746363428, 'e': 0.30246352415761435}",30,11,-82.999543779346,"{0: 11, 1: 2, 2: 5, 3: 0, 4: 1}",1
399,False,"{'a': 0.40251405766170645, 'e': 0.3015561335851415}",25,15,-36.124053444790064,"{0: 8, 1: 0, 2: 1, 3: 0, 4: 1}",1
400,False,"{'a': 0.4021115436040447, 'e': 0.30065146518438607}",30,0,-21.10947593024182,"{0: 27, 1: 2, 2: 0, 3: 0, 4: 1}",0
401,False,"{'a': 0.4017094320604407, 'e': 0.2997495107888329}",20,9,5.463883768159551,"{0: 10, 1: 0, 2: 1, 3: 0, 4: 0}",1
402,False,"{'a': 0.40130772262838027, 'e': 0.2988502622564664}",20,12,-11.260441551819172,"{0: 5, 1: 2, 2: 1, 3: 0, 4: 0}",1
403,False,"{'a': 0.4009064149057519, 'e': 0.29795371146969696}",25,0,12.460188949182353,"{0: 23, 1: 0, 2: 2, 3: 0, 4: 0}",0
404,False,"{'a': 0.40050550849084615, 'e': 0.29705985033528787}",25,4,-14.198484158192892,"{0: 19, 1: 1, 2: 0, 3: 0, 4: 1}",1
405,False,"{'a': 0.4001050029823553, 'e': 0.296168670784282}",20,11,17.486285212712577,"{0: 9, 1: 0, 2: 0, 3: 0, 4: 0}",1
406,False,"{'a': 0.3997048979793729, 'e': 0.29528016477192914}",35,20,18.325404167294135,"{0: 14, 1: 1, 2: 0, 3: 0, 4: 0}",1
407,False,"{'a': 0.39930519308139356, 'e': 0.29439432427761336}",20,0,-19.895948677555097,"{0: 18, 1: 0, 2: 1, 3: 0, 4: 1}",0
408,False,"{'a': 0.39890588788831216, 'e': 0.2935111413047805}",20,12,4.1344781130231825,"{0: 7, 1: 0, 2: 1, 3: 0, 4: 0}",1
409,False,"{'a': 0.39850698200042384, 'e': 0.29263060788086614}",30,22,9.330863234322234,"{0: 8, 1: 0, 2: 0, 3: 0, 4: 0}",1
410,False,"{'a': 0.3981084750184234, 'e': 0.2917527160572235}",25,18,11.694616747090503,"{0: 7, 1: 0, 2: 0, 3: 0, 4: 0}",1
411,False,"{'a': 0.39771036654340497, 'e': 0.29087745790905184}",25,15,-4.7824995641879875,"{0: 8, 1: 0, 2: 2, 3: 0, 4: 0}",1
412,False,"{'a': 0.39731265617686157, 'e': 0.2900048255353247}",20,5,2.7395271665886725,"{0: 13, 1: 0, 2: 2, 3: 0, 4: 0}",1
413,False,"{'a': 0.3969153435206847, 'e': 0.28913481105871874}",20,0,-4.171076614200708,"{0: 15, 1: 4, 2: 1, 3: 0, 4: 0}",1
414,False,"{'a': 0.396518428177164, 'e': 0.28826740662554257}",20,10,-20.93373479015422,"{0: 9, 1: 0, 2: 0, 3: 0, 4: 1}",1
415,False,"{'a': 0.3961219097489868, 'e': 0.28740260440566595}",20,6,21.026523205442714,"{0: 14, 1: 0, 2: 0, 3: 0, 4: 0}",1
416,False,"{'a': 0.39572578783923784, 'e': 0.28654039659244895}",30,16,-29.61721282714503,"{0: 12, 1: 0, 2: 1, 3: 0, 4: 1}",1
417,False,"{'a': 0.3953300620513986, 'e': 0.2856807754026716}",20,12,16.574398186656065,"{0: 8, 1: 0, 2: 0, 3: 0, 4: 0}",1
418,False,"{'a': 0.3949347319893472, 'e': 0.2848237330764636}",25,4,-12.54793371122782,"{0: 20, 1: 0, 2: 0, 3: 0, 4: 1}",1
419,False,"{'a': 0.3945397972573578, 'e': 0.2839692618772342}",20,8,12.76619332254124,"{0: 11, 1: 1, 2: 0, 3: 0, 4: 0}",1
420,False,"{'a': 0.3941452574601005, 'e': 0.2831173540916025}",25,11,14.28247888714311,"{0: 13, 1: 1, 2: 0, 3: 0, 4: 0}",1
421,False,"{'a': 0.39375111220264036, 'e': 0.28226800202932767}",30,2,-77.38508717477576,"{0: 20, 1: 2, 2: 4, 3: 1, 4: 1}",1
422,False,"{'a': 0.39335736109043773, 'e': 0.28142119802323967}",30,12,-25.657037081245804,"{0: 16, 1: 0, 2: 1, 3: 0, 4: 1}",1
423,False,"{'a': 0.3929640037293473, 'e': 0.28057693442917}",25,17,-67.1763590157335,"{0: 6, 1: 0, 2: 0, 3: 0, 4: 2}",1
424,False,"{'a': 0.39257103972561797, 'e': 0.27973520362588244}",25,11,13.965393378225858,"{0: 13, 1: 0, 2: 1, 3: 0, 4: 0}",1
425,False,"{'a': 0.39217846868589235, 'e': 0.2788959980150048}",20,0,-53.53181828278811,"{0: 15, 1: 1, 2: 3, 3: 0, 4: 1}",0
426,False,"{'a': 0.39178629021720646, 'e': 0.2780593100209598}",25,1,22.586188666241853,"{0: 23, 1: 0, 2: 1, 3: 0, 4: 0}",1
427,False,"{'a': 0.39139450392698927, 'e': 0.2772251320908969}",25,0,-4.963035739802244,"{0: 22, 1: 1, 2: 1, 3: 1, 4: 0}",0
428,False,"{'a': 0.39100310942306227, 'e': 0.2763934566946242}",30,9,-2.9045579354463276,"{0: 17, 1: 1, 2: 3, 3: 0, 4: 0}",1
429,False,"{'a': 0.3906121063136392, 'e': 0.2755642763245403}",30,13,-66.98645504273742,"{0: 14, 1: 0, 2: 1, 3: 0, 4: 2}",1
430,False,"{'a': 0.39022149420732555, 'e': 0.27473758349556665}",25,5,38.057637751229265,"{0: 20, 1: 0, 2: 0, 3: 0, 4: 0}",1
431,False,"{'a': 0.38983127271311824, 'e': 0.27391337074507993}",25,0,-11.886129978558932,"{0: 20, 1: 2, 2: 3, 3: 0, 4: 0}",0
432,False,"{'a': 0.3894414414404051, 'e': 0.2730916306328447}",20,12,10.739829667433096,"{0: 7, 1: 1, 2: 0, 3: 0, 4: 0}",1
433,False,"{'a': 0.38905199999896467, 'e': 0.27227235574094616}",20,16,7.617094942932994,"{0: 4, 1: 0, 2: 0, 3: 0, 4: 0}",1
434,False,"{'a': 0.3886629479989657, 'e': 0.2714555386737233}",20,2,-8.277569451633308,"{0: 15, 1: 0, 2: 3, 3: 0, 4: 0}",1
435,False,"{'a': 0.3882742850509668, 'e': 0.2706411720577021}",25,11,-25.5756406887243,"{0: 12, 1: 0, 2: 1, 3: 0, 4: 1}",1
436,False,"{'a': 0.38788601076591583, 'e': 0.269829248541529}",30,5,-3.1044804455407204,"{0: 21, 1: 0, 2: 4, 3: 0, 4: 0}",1
437,False,"{'a': 0.38749812475514994, 'e': 0.2690197607959044}",35,4,-48.2933351417194,"{0: 28, 1: 0, 2: 1, 3: 0, 4: 2}",1
438,False,"{'a': 0.3871106266303948, 'e': 0.26821270151351667}",25,0,18.002325515367353,"{0: 22, 1: 2, 2: 1, 3: 0, 4: 0}",0
439,False,"{'a': 0.3867235160037644, 'e': 0.2674080634089761}",30,12,-37.499184329859936,"{0: 15, 1: 1, 2: 0, 3: 1, 4: 1}",1
440,False,"{'a': 0.38633679248776065, 'e': 0.2666058392187492}",20,0,-44.29648515759453,"{0: 16, 1: 1, 2: 2, 3: 0, 4: 1}",0
441,False,"{'a': 0.38595045569527286, 'e': 0.26580602170109296}",20,12,2.693261058045664,"{0: 7, 1: 0, 2: 1, 3: 0, 4: 0}",1
442,False,"{'a': 0.3855645052395776, 'e': 0.26500860363598966}",30,12,-1.7364177678172477,"{0: 16, 1: 0, 2: 1, 3: 1, 4: 0}",1
443,False,"{'a': 0.385178940734338, 'e': 0.2642135778250817}",30,15,15.258676601790425,"{0: 14, 1: 0, 2: 1, 3: 0, 4: 0}",1
444,False,"{'a': 0.38479376179360364, 'e': 0.26342093709160647}",25,2,-18.045937916258982,"{0: 19, 1: 1, 2: 2, 3: 1, 4: 0}",1
445,False,"{'a': 0.38440896803181, 'e': 0.26263067428033166}",20,9,20.073389878700784,"{0: 11, 1: 0, 2: 0, 3: 0, 4: 0}",1
446,False,"{'a': 0.3840245590637782, 'e': 0.26184278225749064}",25,9,1.383061078706948,"{0: 13, 1: 2, 2: 1, 3: 0, 4: 0}",1
447,False,"{'a': 0.3836405345047144, 'e': 0.26105725391071816}",20,14,13.44579335650903,"{0: 6, 1: 0, 2: 0, 3: 0, 4: 0}",1
448,False,"{'a': 0.3832568939702097, 'e': 0.260274082148986}",20,8,-56.821442351360105,"{0: 8, 1: 0, 2: 3, 3: 0, 4: 1}",1
449,False,"{'a': 0.38287363707623945, 'e': 0.2594932599025391}",20,1,29.514730474147907,"{0: 19, 1: 0, 2: 0, 3: 0, 4: 0}",1
450,False,"{'a': 0.3824907634391632, 'e': 0.25871478012283144}",25,15,17.770010144567102,"{0: 10, 1: 0, 2: 0, 3: 0, 4: 0}",1
451,False,"{'a': 0.38210827267572406, 'e': 0.25793863578246295}",30,17,-58.245115515756595,"{0: 11, 1: 0, 2: 0, 3: 0, 4: 2}",1
452,False,"{'a': 0.38172616440304835, 'e': 0.2571648198751156}",20,6,-32.27528975640698,"{0: 12, 1: 0, 2: 1, 3: 0, 4: 1}",1
453,False,"{'a': 0.3813444382386453, 'e': 0.25639332541549026}",25,13,20.94073744531918,"{0: 12, 1: 0, 2: 0, 3: 0, 4: 0}",1
454,False,"{'a': 0.3809630938004066, 'e': 0.2556241454392438}",20,12,13.489307800301031,"{0: 8, 1: 0, 2: 0, 3: 0, 4: 0}",1
455,False,"{'a': 0.3805821307066062, 'e': 0.25485727300292604}",20,1,-5.899203738305088,"{0: 17, 1: 0, 2: 1, 3: 1, 4: 0}",1
456,False,"{'a': 0.38020154857589955, 'e': 0.25409270118391725}",20,5,-2.42698635157741,"{0: 13, 1: 1, 2: 0, 3: 1, 4: 0}",1
457,False,"{'a': 0.3798213470273237, 'e': 0.2533304230803655}",20,12,7.603503955228964,"{0: 8, 1: 0, 2: 0, 3: 0, 4: 0}",1
458,False,"{'a': 0.3794415256802964, 'e': 0.25257043181112443}",25,14,-5.69441815306039,"{0: 9, 1: 0, 2: 2, 3: 0, 4: 0}",1
459,False,"{'a': 0.37906208415461606, 'e': 0.25181272051569104}",25,13,-18.82059874489515,"{0: 11, 1: 0, 2: 0, 3: 0, 4: 1}",1
460,False,"{'a': 0.37868302207046145, 'e': 0.251057282354144}",20,1,-25.385592486947207,"{0: 17, 1: 0, 2: 1, 3: 0, 4: 1}",1
461,False,"{'a': 0.378304339048391, 'e': 0.25030411050708157}",25,15,6.733110132420166,"{0: 9, 1: 0, 2: 1, 3: 0, 4: 0}",1
462,False,"{'a': 0.3779260347093426, 'e': 0.24955319817556032}",30,23,15.724309118003669,"{0: 7, 1: 0, 2: 0, 3: 0, 4: 0}",1
463,False,"{'a': 0.3775481086746333, 'e': 0.24880453858103363}",30,19,5.8215372645402175,"{0: 10, 1: 0, 2: 1, 3: 0, 4: 0}",1
464,False,"{'a': 0.37717056056595866, 'e': 0.24805812496529053}",25,16,7.317166000985604,"{0: 8, 1: 1, 2: 0, 3: 0, 4: 0}",1
465,False,"{'a': 0.3767933900053927, 'e': 0.24731395059039465}",20,3,12.125217230032236,"{0: 15, 1: 2, 2: 0, 3: 0, 4: 0}",1
466,False,"{'a': 0.3764165966153873, 'e': 0.24657200873862348}",20,14,10.948701615313341,"{0: 6, 1: 0, 2: 0, 3: 0, 4: 0}",1
467,False,"{'a': 0.3760401800187719, 'e': 0.2458322927124076}",25,0,12.899382215424287,"{0: 23, 1: 0, 2: 2, 3: 0, 4: 0}",0
468,False,"{'a': 0.3756641398387531, 'e': 0.24509479583427038}",20,9,20.195855057001765,"{0: 11, 1: 0, 2: 0, 3: 0, 4: 0}",1
469,False,"{'a': 0.3752884756989143, 'e': 0.24435951144676757}",25,1,27.81885453782141,"{0: 23, 1: 1, 2: 0, 3: 0, 4: 0}",1
470,False,"{'a': 0.3749131872232154, 'e': 0.24362643291242728}",25,14,-14.597731340683973,"{0: 9, 1: 0, 2: 1, 3: 1, 4: 0}",1
471,False,"{'a': 0.3745382740359922, 'e': 0.24289555361369}",25,18,6.836988771350724,"{0: 6, 1: 1, 2: 0, 3: 0, 4: 0}",1
472,False,"{'a': 0.3741637357619562, 'e': 0.24216686695284892}",25,0,33.59329991100282,"{0: 25, 1: 0, 2: 0, 3: 0, 4: 0}",0
473,False,"{'a': 0.3737895720261943, 'e': 0.24144036635199037}",35,14,21.84658300481586,"{0: 20, 1: 0, 2: 1, 3: 0, 4: 0}",1
474,False,"{'a': 0.37341578245416807, 'e': 0.24071604525293439}",35,13,13.636247380469442,"{0: 20, 1: 0, 2: 2, 3: 0, 4: 0}",1
475,False,"{'a': 0.3730423666717139, 'e': 0.2399938971171756}",25,14,7.019993898034656,"{0: 10, 1: 0, 2: 1, 3: 0, 4: 0}",1
476,False,"{'a': 0.3726693243050422, 'e': 0.23927391542582405}",25,0,24.930127566583803,"{0: 24, 1: 0, 2: 1, 3: 0, 4: 0}",0
477,False,"{'a': 0.37229665498073716, 'e': 0.23855609367954658}",25,7,-44.095867323963574,"{0: 15, 1: 0, 2: 1, 3: 1, 4: 1}",1
478,False,"{'a': 0.37192435832575643, 'e': 0.23784042539850794}",20,0,-11.183038480390499,"{0: 19, 1: 0, 2: 0, 3: 0, 4: 1}",0
479,False,"{'a': 0.37155243396743065, 'e': 0.2371269041223124}",20,3,-11.151015275729442,"{0: 16, 1: 0, 2: 0, 3: 0, 4: 1}",1
480,False,"{'a': 0.37118088153346324, 'e': 0.23641552340994548}",25,11,9.383715811291248,"{0: 13, 1: 0, 2: 1, 3: 0, 4: 0}",1
481,False,"{'a': 0.37080970065192975, 'e': 0.23570627683971565}",25,19,13.08344237311269,"{0: 6, 1: 0, 2: 0, 3: 0, 4: 0}",1
482,False,"{'a': 0.3704388909512778, 'e': 0.2349991580091965}",25,17,10.526825682433227,"{0: 8, 1: 0, 2: 0, 3: 0, 4: 0}",1
483,False,"{'a': 0.3700684520603265, 'e': 0.2342941605351689}",25,1,22.110170459508485,"{0: 22, 1: 2, 2: 0, 3: 0, 4: 0}",1
484,False,"{'a': 0.3696983836082662, 'e': 0.23359127805356342}",25,12,12.645540781700698,"{0: 12, 1: 0, 2: 1, 3: 0, 4: 0}",1
485,False,"{'a': 0.3693286852246579, 'e': 0.23289050421940272}",25,13,15.679121880753875,"{0: 11, 1: 1, 2: 0, 3: 0, 4: 0}",1
486,False,"{'a': 0.36895935653943324, 'e': 0.2321918327067445}",20,0,-51.6967925565708,"{0: 15, 1: 2, 2: 2, 3: 0, 4: 1}",0
487,False,"{'a': 0.3685903971828938, 'e': 0.23149525720862427}",20,6,9.757416344835923,"{0: 12, 1: 2, 2: 0, 3: 0, 4: 0}",1
488,False,"{'a': 0.3682218067857109, 'e': 0.2308007714369984}",25,0,23.667976125236482,"{0: 24, 1: 0, 2: 1, 3: 0, 4: 0}",0
489,False,"{'a': 0.36785358497892523, 'e': 0.2301083691226874}",35,7,-53.61421795299618,"{0: 23, 1: 0, 2: 3, 3: 1, 4: 1}",1
490,False,"{'a': 0.3674857313939463, 'e': 0.22941804401531934}",20,11,16.318073012031597,"{0: 9, 1: 0, 2: 0, 3: 0, 4: 0}",1
491,False,"{'a': 0.36711824566255236, 'e': 0.2287297898832734}",20,1,18.063650122884795,"{0: 18, 1: 0, 2: 1, 3: 0, 4: 0}",1
492,False,"{'a': 0.3667511274168898, 'e': 0.22804360051362357}",25,14,11.858542945906127,"{0: 10, 1: 1, 2: 0, 3: 0, 4: 0}",1
493,False,"{'a': 0.3663843762894729, 'e': 0.2273594697120827}",20,12,2.3721451685190997,"{0: 7, 1: 0, 2: 1, 3: 0, 4: 0}",1
494,False,"{'a': 0.3660179919131834, 'e': 0.22667739130294645}",25,11,-26.54769249066228,"{0: 12, 1: 0, 2: 1, 3: 0, 4: 1}",1
495,False,"{'a': 0.36565197392127025, 'e': 0.22599735912903762}",25,12,-9.334294906869887,"{0: 11, 1: 0, 2: 1, 3: 1, 4: 0}",1
496,False,"{'a': 0.365286321947349, 'e': 0.2253193670516505}",20,8,22.519391431413116,"{0: 12, 1: 0, 2: 0, 3: 0, 4: 0}",1
497,False,"{'a': 0.3649210356254017, 'e': 0.22464340895049556}",20,13,10.566453166659437,"{0: 7, 1: 0, 2: 0, 3: 0, 4: 0}",1
498,False,"{'a': 0.36455611458977627, 'e': 0.22396947872364406}",20,6,11.445222011372506,"{0: 13, 1: 0, 2: 1, 3: 0, 4: 0}",1
499,False,"{'a': 0.36419155847518647, 'e': 0.22329757028747313}",20,15,8.433101658407683,"{0: 5, 1: 0, 2: 0, 3: 0, 4: 0}",1
500,False,"{'a': 0.3638273669167113, 'e': 0.2226276775766107}",25,0,-70.95094274589705,"{0: 19, 1: 1, 2: 3, 3: 1, 4: 1}",0
501,False,"{'a': 0.3634635395497946, 'e': 0.22195979454388087}",20,2,29.740559662542083,"{0: 18, 1: 0, 2: 0, 3: 0, 4: 0}",1
502,False,"{'a': 0.3631000760102448, 'e': 0.22129391516024924}",20,15,-12.908611764860858,"{0: 4, 1: 0, 2: 0, 3: 1, 4: 0}",1
503,False,"{'a': 0.36273697593423454, 'e': 0.2206300334147685}",25,16,7.174002371706951,"{0: 8, 1: 1, 2: 0, 3: 0, 4: 0}",1
504,False,"{'a': 0.3623742389583003, 'e': 0.2199681433145242}",30,16,4.744081489843058,"{0: 12, 1: 0, 2: 2, 3: 0, 4: 0}",1
505,False,"{'a': 0.362011864719342, 'e': 0.21930823888458062}",20,5,13.943608090628322,"{0: 14, 1: 0, 2: 1, 3: 0, 4: 0}",1
506,False,"{'a': 0.36164985285462264, 'e': 0.21865031416792688}",20,8,10.33864534132959,"{0: 11, 1: 0, 2: 1, 3: 0, 4: 0}",1
507,False,"{'a': 0.361288203001768, 'e': 0.2179943632254231}",20,13,2.401651613215179,"{0: 6, 1: 1, 2: 0, 3: 0, 4: 0}",1
508,False,"{'a': 0.36092691479876626, 'e': 0.21734038013574683}",25,0,-72.6074150399652,"{0: 21, 1: 0, 2: 2, 3: 0, 4: 2}",0
509,False,"{'a': 0.3605659878839675, 'e': 0.21668835899533959}",20,9,17.651366848785845,"{0: 11, 1: 0, 2: 0, 3: 0, 4: 0}",1
510,False,"{'a': 0.3602054218960835, 'e': 0.21603829391835358}",20,3,-30.721018103851172,"{0: 13, 1: 0, 2: 3, 3: 1, 4: 0}",1
511,False,"{'a': 0.35984521647418743, 'e': 0.21539017903659852}",20,3,15.662734254299544,"{0: 16, 1: 0, 2: 1, 3: 0, 4: 0}",1
512,False,"{'a': 0.35948537125771324, 'e': 0.21474400849948871}",25,13,26.8898258518373,"{0: 12, 1: 0, 2: 0, 3: 0, 4: 0}",1
513,False,"{'a': 0.3591258858864555, 'e': 0.21409977647399026}",25,7,-42.16093870778183,"{0: 14, 1: 1, 2: 2, 3: 0, 4: 1}",1
514,False,"{'a': 0.35876676000056906, 'e': 0.21345747714456828}",20,0,20.59883403792323,"{0: 19, 1: 0, 2: 1, 3: 0, 4: 0}",0
515,False,"{'a': 0.3584079932405685, 'e': 0.21281710471313459}",30,13,22.499960348409306,"{0: 16, 1: 1, 2: 0, 3: 0, 4: 0}",1
516,False,"{'a': 0.35804958524732794, 'e': 0.2121786533989952}",25,7,29.00633404466688,"{0: 18, 1: 0, 2: 0, 3: 0, 4: 0}",1
517,False,"{'a': 0.3576915356620806, 'e': 0.2115421174387982}",20,11,-43.998511712387334,"{0: 6, 1: 0, 2: 2, 3: 0, 4: 1}",1
518,False,"{'a': 0.35733384412641855, 'e': 0.2109074910864818}",25,19,9.744280164129641,"{0: 6, 1: 0, 2: 0, 3: 0, 4: 0}",1
519,False,"{'a': 0.35697651028229216, 'e': 0.21027476861322236}",25,0,-18.063483869559825,"{0: 23, 1: 0, 2: 1, 3: 0, 4: 1}",0
520,False,"{'a': 0.3566195337720099, 'e': 0.2096439443073827}",25,15,4.0442580185699475,"{0: 9, 1: 0, 2: 1, 3: 0, 4: 0}",1
521,False,"{'a': 0.35626291423823786, 'e': 0.20901501247446055}",25,13,23.3126336550268,"{0: 12, 1: 0, 2: 0, 3: 0, 4: 0}",1
522,False,"{'a': 0.3559066513239996, 'e': 0.20838796743703716}",20,10,-24.27131475234162,"{0: 9, 1: 0, 2: 0, 3: 0, 4: 1}",1
523,False,"{'a': 0.3555507446726756, 'e': 0.20776280353472606}",20,9,20.897558738610726,"{0: 11, 1: 0, 2: 0, 3: 0, 4: 0}",1
524,False,"{'a': 0.3551951939280029, 'e': 0.20713951512412188}",25,7,-32.17992050435576,"{0: 15, 1: 0, 2: 2, 3: 0, 4: 1}",1
525,False,"{'a': 0.3548399987340749, 'e': 0.2065180965787495}",20,8,18.7045179578175,"{0: 12, 1: 0, 2: 0, 3: 0, 4: 0}",1
526,False,"{'a': 0.3544851587353408, 'e': 0.20589854228901325}",25,17,13.680473222142552,"{0: 8, 1: 0, 2: 0, 3: 0, 4: 0}",1
527,False,"{'a': 0.3541306735766055, 'e': 0.20528084666214622}",20,15,2.8224435449392873,"{0: 4, 1: 1, 2: 0, 3: 0, 4: 0}",1
528,False,"{'a': 0.3537765429030289, 'e': 0.20466500412215977}",30,15,-67.20940994923353,"{0: 12, 1: 0, 2: 1, 3: 0, 4: 2}",1
529,False,"{'a': 0.3534227663601259, 'e': 0.2040510091097933}",20,0,-1.1171471220413771,"{0: 18, 1: 0, 2: 1, 3: 1, 4: 0}",0
530,False,"{'a': 0.35306934359376574, 'e': 0.2034388560824639}",25,18,-29.13444214970982,"{0: 6, 1: 0, 2: 0, 3: 0, 4: 1}",1
531,False,"{'a': 0.352716274250172, 'e': 0.2028285395142165}",35,18,34.532675547915645,"{0: 17, 1: 0, 2: 0, 3: 0, 4: 0}",1
532,False,"{'a': 0.35236355797592184, 'e': 0.20222005389567385}",30,11,31.725235557032846,"{0: 18, 1: 1, 2: 0, 3: 0, 4: 0}",1
533,False,"{'a': 0.3520111944179459, 'e': 0.20161339373398682}",25,8,-20.92113650662464,"{0: 15, 1: 0, 2: 1, 3: 0, 4: 1}",1
534,False,"{'a': 0.35165918322352796, 'e': 0.20100855355278485}",25,13,16.442523584367137,"{0: 12, 1: 0, 2: 0, 3: 0, 4: 0}",1
535,False,"{'a': 0.3513075240403044, 'e': 0.20040552789212648}",25,15,-24.094902593025484,"{0: 9, 1: 0, 2: 0, 3: 0, 4: 1}",1
536,False,"{'a': 0.35095621651626413, 'e': 0.1998043113084501}",25,3,32.506893171907706,"{0: 22, 1: 0, 2: 0, 3: 0, 4: 0}",1
1,True,"{'a': 0, 'e': 0}",25,14,20.308727762656446,"{0: 11, 1: 0, 2: 0, 3: 0, 4: 0}",1
2,True,"{'a': 0, 'e': 0}",20,3,29.48718468309856,"{0: 17, 1: 0, 2: 0, 3: 0, 4: 0}",1
3,True,"{'a': 0, 'e': 0}",20,11,17.077124213460305,"{0: 9, 1: 0, 2: 0, 3: 0, 4: 0}",1
4,True,"{'a': 0, 'e': 0}",20,0,26.930801202848585,"{0: 20, 1: 0, 2: 0, 3: 0, 4: 0}",0
5,True,"{'a': 0, 'e': 0}",20,12,17.242176120063736,"{0: 8, 1: 0, 2: 0, 3: 0, 4: 0}",1
6,True,"{'a': 0, 'e': 0}",20,10,15.285566306847823,"{0: 10, 1: 0, 2: 0, 3: 0, 4: 0}",1
7,True,"{'a': 0, 'e': 0}",35,22,24.175810195190362,"{0: 13, 1: 0, 2: 0, 3: 0, 4: 0}",1
8,True,"{'a': 0, 'e': 0}",25,13,22.933823878646006,"{0: 12, 1: 0, 2: 0, 3: 0, 4: 0}",1
9,True,"{'a': 0, 'e': 0}",25,14,19.71424640228868,"{0: 11, 1: 0, 2: 0, 3: 0, 4: 0}",1
10,True,"{'a': 0, 'e': 0}",20,1,29.962509014943834,"{0: 19, 1: 0, 2: 0, 3: 0, 4: 0}",1
11,True,"{'a': 0, 'e': 0}",35,21,22.78124632168457,"{0: 14, 1: 0, 2: 0, 3: 0, 4: 0}",1
12,True,"{'a': 0, 'e': 0}",25,15,16.993785036523356,"{0: 10, 1: 0, 2: 0, 3: 0, 4: 0}",1
13,True,"{'a': 0, 'e': 0}",20,11,19.36564868267938,"{0: 9, 1: 0, 2: 0, 3: 0, 4: 0}",1
14,True,"{'a': 0, 'e': 0}",25,13,22.250017386904666,"{0: 12, 1: 0, 2: 0, 3: 0, 4: 0}",1
15,True,"{'a': 0, 'e': 0}",25,16,18.42785131095851,"{0: 9, 1: 0, 2: 0, 3: 0, 4: 0}",1
16,True,"{'a': 0, 'e': 0}",25,14,20.715497936958577,"{0: 11, 1: 0, 2: 0, 3: 0, 4: 0}",1
17,True,"{'a': 0, 'e': 0}",20,11,16.594781157331376,"{0: 9, 1: 0, 2: 0, 3: 0, 4: 0}",1
18,True,"{'a': 0, 'e': 0}",30,14,31.354218795492805,"{0: 16, 1: 0, 2: 0, 3: 0, 4: 0}",1
19,True,"{'a': 0, 'e': 0}",25,8,25.298993638241498,"{0: 17, 1: 0, 2: 0, 3: 0, 4: 0}",1
20,True,"{'a': 0, 'e': 0}",20,12,15.176553642170227,"{0: 8, 1: 0, 2: 0, 3: 0, 4: 0}",1
21,True,"{'a': 0, 'e': 0}",35,15,35.69256118175883,"{0: 20, 1: 0, 2: 0, 3: 0, 4: 0}",1
22,True,"{'a': 0, 'e': 0}",25,14,21.345202679405645,"{0: 11, 1: 0, 2: 0, 3: 0, 4: 0}",1
23,True,"{'a': 0, 'e': 0}",30,13,33.81276468558398,"{0: 17, 1: 0, 2: 0, 3: 0, 4: 0}",1
24,True,"{'a': 0, 'e': 0}",25,0,42.36201290619675,"{0: 25, 1: 0, 2: 0, 3: 0, 4: 0}",0
25,True,"{'a': 0, 'e': 0}",20,16,8.354801475062517,"{0: 4, 1: 0, 2: 0, 3: 0, 4: 0}",1
26,True,"{'a': 0, 'e': 0}",25,10,28.48248832400523,"{0: 15, 1: 0, 2: 0, 3: 0, 4: 0}",1
27,True,"{'a': 0, 'e': 0}",25,7,29.940098042197157,"{0: 18, 1: 0, 2: 0, 3: 0, 4: 0}",1
28,True,"{'a': 0, 'e': 0}",25,13,22.11935613330371,"{0: 12, 1: 0, 2: 0, 3: 0, 4: 0}",1
29,True,"{'a': 0, 'e': 0}",25,9,31.69417799236904,"{0: 16, 1: 0, 2: 0, 3: 0, 4: 0}",1
30,True,"{'a': 0, 'e': 0}",20,13,13.409555660063962,"{0: 7, 1: 0, 2: 0, 3: 0, 4: 0}",1
31,True,"{'a': 0, 'e': 0}",20,12,14.828950801549393,"{0: 8, 1: 0, 2: 0, 3: 0, 4: 0}",1
32,True,"{'a': 0, 'e': 0}",25,13,19.305748153088402,"{0: 12, 1: 0, 2: 0, 3: 0, 4: 0}",1
33,True,"{'a': 0, 'e': 0}",30,13,30.513378161857695,"{0: 17, 1: 0, 2: 0, 3: 0, 4: 0}",1
34,True,"{'a': 0, 'e': 0}",25,8,33.02921604496475,"{0: 17, 1: 0, 2: 0, 3: 0, 4: 0}",1
35,True,"{'a': 0, 'e': 0}",20,16,8.864537588825023,"{0: 4, 1: 0, 2: 0, 3: 0, 4: 0}",1
36,True,"{'a': 0, 'e': 0}",20,14,8.308229496802301,"{0: 6, 1: 0, 2: 0, 3: 0, 4: 0}",1
37,True,"{'a': 0, 'e': 0}",20,12,14.011649593448327,"{0: 8, 1: 0, 2: 0, 3: 0, 4: 0}",1
38,True,"{'a': 0, 'e': 0}",20,12,13.91653376227097,"{0: 8, 1: 0, 2: 0, 3: 0, 4: 0}",1
39,True,"{'a': 0, 'e': 0}",30,19,20.42616936266826,"{0: 11, 1: 0, 2: 0, 3: 0, 4: 0}",1
40,True,"{'a': 0, 'e': 0}",25,16,17.29124665308081,"{0: 9, 1: 0, 2: 0, 3: 0, 4: 0}",1
41,True,"{'a': 0, 'e': 0}",20,16,8.035237632379024,"{0: 4, 1: 0, 2: 0, 3: 0, 4: 0}",1
42,True,"{'a': 0, 'e': 0}",20,12,15.868438207319015,"{0: 8, 1: 0, 2: 0, 3: 0, 4: 0}",1
43,True,"{'a': 0, 'e': 0}",25,8,33.085136679266085,"{0: 17, 1: 0, 2: 0, 3: 0, 4: 0}",1
44,True,"{'a': 0, 'e': 0}",20,3,32.60488086072524,"{0: 17, 1: 0, 2: 0, 3: 0, 4: 0}",1
45,True,"{'a': 0, 'e': 0}",20,14,9.675493834184724,"{0: 6, 1: 0, 2: 0, 3: 0, 4: 0}",1
46,True,"{'a': 0, 'e': 0}",25,11,27.704173244225075,"{0: 14, 1: 0, 2: 0, 3: 0, 4: 0}",1
47,True,"{'a': 0, 'e': 0}",25,7,22.81584608239061,"{0: 17, 1: 1, 2: 0, 3: 0, 4: 0}",1
48,True,"{'a': 0, 'e': 0}",25,19,12.38298355329561,"{0: 6, 1: 0, 2: 0, 3: 0, 4: 0}",1
49,True,"{'a': 0, 'e': 0}",30,10,35.35708643606826,"{0: 20, 1: 0, 2: 0, 3: 0, 4: 0}",1
50,True,"{'a': 0, 'e': 0}",20,10,16.76601815491,"{0: 10, 1: 0, 2: 0, 3: 0, 4: 0}",1
